Block,Trial,FrameNumber,Timestamp_s,Sample_Index,L1,L2,L3,L4,L5,L6,L7,L8,R1,R2,R3,R4,R5,R6,R7,R8
1,1,1,278887.0025612,1030,128,255,255,255,255,0,0,0,128,255,255,255,255,0,0,0
1,1,2,278887.0180965,1046,255,255,255,0,0,0,255,255,255,255,255,0,0,0,255,255
1,1,3,278887.0388648,1067,255,255,0,0,0,255,255,255,255,255,0,0,0,255,255,255
1,1,4,278887.0598069,1089,255,0,0,255,255,255,0,0,255,0,0,255,255,255,0,0
1,1,5,278887.0809308,1111,0,0,255,255,255,0,0,255,0,0,255,255,255,0,0,255
1,1,6,278887.1017326,1132,0,255,255,0,0,0,255,255,0,255,255,0,0,0,255,255
1,1,7,278887.1225144,1153,0,255,255,0,0,255,255,0,0,255,255,0,0,255,255,0
1,1,8,278887.1433412,1174,255,255,0,0,255,0,0,255,255,255,0,0,255,0,0,255
1,1,9,278887.1641636,1196,255,0,0,255,255,0,255,255,255,0,0,255,255,0,255,255
1,1,10,278887.1851098,1217,255,0,255,255,0,255,255,0,255,0,255,255,0,255,255,0
1,1,11,278887.2061209,1239,0,0,255,0,0,255,0,0,0,0,255,0,0,255,0,0
1,1,12,278887.2276983,1261,0,255,0,0,255,0,0,255,0,255,0,0,255,0,0,255
1,1,13,278887.2474772,1281,0,255,0,255,255,0,255,0,0,255,0,255,255,0,255,0
1,1,14,278887.2684227,1303,255,0,0,255,0,255,0,0,255,0,0,255,0,255,0,0
1,1,15,278887.2894897,1324,255,0,255,0,0,255,0,255,255,0,255,0,0,255,0,255
1,1,16,278887.3101321,1345,255,0,255,0,255,0,255,0,255,0,255,0,255,0,255,0
1,1,17,278887.3308598,1366,0,255,0,255,255,0,255,0,0,255,0,255,255,0,255,0
1,1,18,278887.3515695,1388,0,255,0,255,0,255,0,255,0,255,0,255,0,255,0,255
1,1,19,278887.3724013,1409,0,255,0,255,0,255,0,255,0,255,0,255,0,255,0,255
1,1,20,278887.3934214,1431,255,0,255,0,255,0,255,0,255,0,255,0,255,0,255,0
1,1,21,278887.4143005,1452,255,0,255,0,255,255,0,255,255,0,255,0,255,255,0,255
1,1,22,278887.4350253,1473,255,255,0,255,0,255,0,255,255,255,0,255,0,255,0,255
1,1,23,278887.4558589,1494,0,255,0,255,0,0,255,0,0,255,0,255,0,0,255,0
1,1,24,278887.4766532,1516,0,255,255,0,255,0,255,255,0,255,255,0,255,0,255,255
1,1,25,278887.4976776,1537,0,0,255,0,255,255,0,255,0,0,255,0,255,255,0,255
1,1,26,278887.5182924,1558,255,0,255,255,0,255,255,0,255,0,255,255,0,255,255,0
1,1,27,278887.5390928,1580,255,0,0,255,0,0,255,0,255,0,0,255,0,0,255,0
1,1,28,278887.5599499,1601,255,255,0,0,255,0,0,255,255,255,0,0,255,0,0,255
1,1,29,278887.5809887,1623,0,255,255,0,255,255,0,0,0,255,255,0,255,255,0,0
1,1,30,278887.6016346,1644,0,0,255,255,0,255,255,0,0,0,255,255,0,255,255,0
1,1,31,278887.6224148,1665,0,0,255,255,0,0,255,255,0,0,255,255,0,0,255,255
1,1,32,278887.6434715,1687,255,0,0,255,255,255,0,0,255,0,0,255,255,255,0,0
1,1,33,278887.664105,1708,255,255,0,0,255,255,255,0,255,255,0,0,255,255,255,0
1,1,34,278887.6848705,1729,255,255,255,0,0,0,255,255,255,255,255,0,0,0,255,255
1,1,35,278887.705842,1750,0,255,255,255,0,0,0,255,0,255,255,255,0,0,0,255
1,1,36,278887.7268125,1772,0,0,0,255,255,255,0,0,0,0,0,255,255,255,0,0
1,1,37,278887.747259,1793,0,0,0,0,255,255,255,255,0,0,0,0,255,255,255,255
1,1,38,278887.7683056,1814,255,255,0,0,0,0,0,255,255,255,0,0,0,0,0,255
1,1,39,278887.789068,1836,255,255,255,255,0,0,0,0,255,255,255,255,0,0,0,0
1,1,40,278887.8099669,1857,255,255,255,255,255,255,255,255,255,255,255,255,255,255,255,255
1,1,41,278887.8306824,1878,0,0,0,0,255,255,255,255,0,0,0,0,255,255,255,255
1,1,42,278887.8515171,1900,0,0,0,0,0,0,0,0,0,0,0,0,0,0,0,0
1,1,43,278887.8722361,1921,0,0,0,0,0,0,0,0,0,0,0,0,0,0,0,0
1,1,44,278887.8931902,1942,255,255,255,255,255,255,255,255,255,255,255,255,255,255,255,255
1,1,45,278887.9141906,1964,255,255,255,255,255,0,0,0,255,255,255,255,255,0,0,0
1,1,46,278887.9347503,1985,255,0,0,0,0,0,0,0,255,0,0,0,0,0,0,0
1,1,47,278887.9556754,2006,0,0,0,0,0,255,255,255,0,0,0,0,0,255,255,255
1,1,48,278887.9764676,2028,0,0,255,255,255,255,255,0,0,0,255,255,255,255,255,0
1,1,49,278887.9977705,2049,0,255,255,255,255,0,0,0,0,255,255,255,255,0,0,0
1,1,50,278888.0180206,2070,255,255,255,0,0,0,255,255,255,255,255,0,0,0,255,255
1,1,51,278888.0388446,2091,255,255,0,0,0,255,255,255,255,255,0,0,0,255,255,255
1,1,52,278888.0596827,2113,255,0,0,255,255,255,0,0,255,0,0,255,255,255,0,0
1,1,53,278888.0808903,2134,0,0,255,255,255,0,0,255,0,0,255,255,255,0,0,255
1,1,54,278888.1016198,2156,0,255,255,0,0,0,255,255,0,255,255,0,0,0,255,255
1,1,55,278888.1222593,2177,0,255,255,0,0,255,255,0,0,255,255,0,0,255,255,0
1,1,56,278888.1431039,2198,255,255,0,0,255,0,0,255,255,255,0,0,255,0,0,255
1,1,57,278888.1639562,2220,255,0,0,255,255,0,255,255,255,0,0,255,255,0,255,255
1,1,58,278888.1846574,2241,255,0,255,255,0,255,255,0,255,0,255,255,0,255,255,0
1,1,59,278888.2055155,2262,0,0,255,0,0,255,0,0,0,0,255,0,0,255,0,0
1,1,60,278888.2266085,2284,0,255,0,0,255,0,0,255,0,255,0,0,255,0,0,255
1,1,61,278888.2471738,2305,0,255,0,255,255,0,255,0,0,255,0,255,255,0,255,0
1,1,62,278888.2682506,2326,255,0,0,255,0,255,0,0,255,0,0,255,0,255,0,0
1,1,63,278888.2888787,2347,255,0,255,0,0,255,0,255,255,0,255,0,0,255,0,255
1,1,64,278888.309829,2369,255,0,255,0,255,0,255,0,255,0,255,0,255,0,255,0
1,1,65,278888.3305595,2390,0,255,0,255,255,0,255,0,0,255,0,255,255,0,255,0
1,1,66,278888.3513099,2411,0,255,0,255,0,255,0,255,0,255,0,255,0,255,0,255
1,1,67,278888.372357,2433,0,255,0,255,0,255,0,255,0,255,0,255,0,255,0,255
1,1,68,278888.3930388,2454,255,0,255,0,255,0,255,0,255,0,255,0,255,0,255,0
1,1,69,278888.4138459,2475,255,0,255,0,255,255,0,255,255,0,255,0,255,255,0,255
1,1,70,278888.4345681,2497,255,255,0,255,0,255,0,255,255,255,0,255,0,255,0,255
1,1,71,278888.4556788,2518,0,255,0,255,0,0,255,0,0,255,0,255,0,0,255,0
1,1,72,278888.4762254,2539,0,255,255,0,255,0,255,255,0,255,255,0,255,0,255,255
1,1,73,278888.4971092,2561,0,0,255,0,255,255,0,255,0,0,255,0,255,255,0,255
1,1,74,278888.5179636,2582,255,0,255,255,0,255,255,0,255,0,255,255,0,255,255,0
1,1,75,278888.5390065,2604,255,0,0,255,0,0,255,0,255,0,0,255,0,0,255,0
1,1,76,278888.5596326,2625,255,255,0,0,255,0,0,255,255,255,0,0,255,0,0,255
1,1,77,278888.5804498,2646,0,255,255,0,255,255,0,0,0,255,255,0,255,255,0,0
1,1,78,278888.6014753,2668,0,0,255,255,0,255,255,0,0,0,255,255,0,255,255,0
1,1,79,278888.6220544,2689,0,0,255,255,0,0,255,255,0,0,255,255,0,0,255,255
1,1,80,278888.6431156,2710,255,0,0,255,255,255,0,0,255,0,0,255,255,255,0,0
1,1,81,278888.6635912,2731,255,255,0,0,255,255,255,0,255,255,0,0,255,255,255,0
1,1,82,278888.6845996,2753,255,255,255,0,0,0,255,255,255,255,255,0,0,0,255,255
1,1,83,278888.7055197,2774,0,255,255,255,0,0,0,255,0,255,255,255,0,0,0,255
1,1,84,278888.7264424,2796,0,0,0,255,255,255,0,0,0,0,0,255,255,255,0,0
1,1,85,278888.7471597,2817,0,0,0,0,255,255,255,255,0,0,0,0,255,255,255,255
1,1,86,278888.7679113,2838,255,255,0,0,0,0,0,255,255,255,0,0,0,0,0,255
1,1,87,278888.7888274,2859,255,255,255,255,0,0,0,0,255,255,255,255,0,0,0,0
1,1,88,278888.8095135,2881,255,255,255,255,255,255,255,255,255,255,255,255,255,255,255,255
1,1,89,278888.8302917,2902,0,0,0,0,255,255,255,255,0,0,0,0,255,255,255,255
1,1,90,278888.8510704,2923,0,0,0,0,0,0,0,0,0,0,0,0,0,0,0,0
1,1,91,278888.8721161,2945,0,0,0,0,0,0,0,0,0,0,0,0,0,0,0,0
1,1,92,278888.8928022,2966,255,255,255,255,255,255,255,255,255,255,255,255,255,255,255,255
1,1,93,278888.9137197,2987,255,255,255,255,255,0,0,0,255,255,255,255,255,0,0,0
1,1,94,278888.9344284,3008,255,0,0,0,0,0,0,0,255,0,0,0,0,0,0,0
1,1,95,278888.9552374,3030,0,0,0,0,0,255,255,255,0,0,0,0,0,255,255,255
1,1,96,278888.976194,3051,0,0,255,255,255,255,255,0,0,0,255,255,255,255,255,0
1,1,97,278888.9971025,3073,0,255,255,255,255,0,0,0,0,255,255,255,255,0,0,0
1,1,98,278889.017929,3094,255,255,255,0,0,0,255,255,255,255,255,0,0,0,255,255
1,1,99,278889.03874,3115,255,255,0,0,0,255,255,255,255,255,0,0,0,255,255,255
1,1,100,278889.0595192,3137,255,0,0,255,255,255,0,0,255,0,0,255,255,255,0,0
1,1,101,278889.0802124,3158,0,0,255,255,255,0,0,255,0,0,255,255,255,0,0,255
1,1,102,278889.1011094,3179,0,255,255,0,0,0,255,255,0,255,255,0,0,0,255,255
1,1,103,278889.1220992,3201,0,255,255,0,0,255,255,0,0,255,255,0,0,255,255,0
1,1,104,278889.1427509,3222,255,255,0,0,255,0,0,255,255,255,0,0,255,0,0,255
1,1,105,278889.1635482,3243,255,0,0,255,255,0,255,255,255,0,0,255,255,0,255,255
1,1,106,278889.1843233,3264,255,0,255,255,0,255,255,0,255,0,255,255,0,255,255,0
1,1,107,278889.2052025,3286,0,0,255,0,0,255,0,0,0,0,255,0,0,255,0,0
1,1,108,278889.2260295,3307,0,255,0,0,255,0,0,255,0,255,0,0,255,0,0,255
1,1,109,278889.2469558,3329,0,255,0,255,255,0,255,0,0,255,0,255,255,0,255,0
1,1,110,278889.2677142,3350,255,0,0,255,0,255,0,0,255,0,0,255,0,255,0,0
1,1,111,278889.2885413,3371,255,0,255,0,0,255,0,255,255,0,255,0,0,255,0,255
1,1,112,278889.3093813,3392,255,0,255,0,255,0,255,0,255,0,255,0,255,0,255,0
1,1,113,278889.3302209,3414,0,255,0,255,255,0,255,0,0,255,0,255,255,0,255,0
1,1,114,278889.3512807,3435,0,255,0,255,0,255,0,255,0,255,0,255,0,255,0,255
1,1,115,278889.3719092,3456,0,255,0,255,0,255,0,255,0,255,0,255,0,255,0,255
1,1,116,278889.39267,3478,255,0,255,0,255,0,255,0,255,0,255,0,255,0,255,0
1,1,117,278889.4136087,3499,255,0,255,0,255,255,0,255,255,0,255,0,255,255,0,255
1,1,118,278889.4345255,3521,255,255,0,255,0,255,0,255,255,255,0,255,0,255,0,255
1,1,119,278889.4552671,3542,0,255,0,255,0,0,255,0,0,255,0,255,0,0,255,0
1,1,120,278889.4759072,3563,0,255,255,0,255,0,255,255,0,255,255,0,255,0,255,255
1,1,121,278889.496978,3585,0,0,255,0,255,255,0,255,0,0,255,0,255,255,0,255
1,1,122,278889.5176524,3606,255,0,255,255,0,255,255,0,255,0,255,255,0,255,255,0
1,1,123,278889.5383464,3627,255,0,0,255,0,0,255,0,255,0,0,255,0,0,255,0
1,1,124,278889.5592956,3648,255,255,0,0,255,0,0,255,255,255,0,0,255,0,0,255
1,1,125,278889.5803366,3670,0,255,255,0,255,255,0,0,0,255,255,0,255,255,0,0
1,1,126,278889.6009735,3691,0,0,255,255,0,255,255,0,0,0,255,255,0,255,255,0
1,1,127,278889.621543,3712,0,0,255,255,0,0,255,255,0,0,255,255,0,0,255,255
1,1,128,278889.6425489,3734,255,0,0,255,255,255,0,0,255,0,0,255,255,255,0,0
1,1,129,278889.6633883,3755,255,255,0,0,255,255,255,0,255,255,0,0,255,255,255,0
1,1,130,278889.6843056,3776,255,255,255,0,0,0,255,255,255,255,255,0,0,0,255,255
1,1,131,278889.7050507,3798,0,255,255,255,0,0,0,255,0,255,255,255,0,0,0,255
1,1,132,278889.7261008,3819,0,0,0,255,255,255,0,0,0,0,0,255,255,255,0,0
1,1,133,278889.7467253,3840,0,0,0,0,255,255,255,255,0,0,0,0,255,255,255,255
1,1,134,278889.7677187,3862,255,255,0,0,0,0,0,255,255,255,0,0,0,0,0,255
1,1,135,278889.7884229,3883,255,255,255,255,0,0,0,0,255,255,255,255,0,0,0,0
1,1,136,278889.8092081,3904,255,255,255,255,255,255,255,255,255,255,255,255,255,255,255,255
1,1,137,278889.8302516,3926,0,0,0,0,255,255,255,255,0,0,0,0,255,255,255,255
1,1,138,278889.8510187,3947,0,0,0,0,0,0,0,0,0,0,0,0,0,0,0,0
1,1,139,278889.8716304,3968,0,0,0,0,0,0,0,0,0,0,0,0,0,0,0,0
1,1,140,278889.8925635,3990,255,255,255,255,255,255,255,255,255,255,255,255,255,255,255,255
1,1,141,278889.9133838,4011,255,255,255,255,255,0,0,0,255,255,255,255,255,0,0,0
1,1,142,278889.9342475,4032,255,0,0,0,0,0,0,0,255,0,0,0,0,0,0,0
1,1,143,278889.9559208,4055,0,0,0,0,0,255,255,255,0,0,0,0,0,255,255,255
1,1,144,278889.9756978,4075,0,0,255,255,255,255,255,0,0,0,255,255,255,255,255,0
1,2,1,278890.9950524,5119,128,255,255,255,255,0,0,0,128,255,255,255,255,0,0,0
1,2,2,278891.0005329,5124,255,255,255,0,0,0,255,255,255,255,255,0,0,0,255,255
1,2,3,278891.0168627,5141,255,255,0,0,0,255,255,255,255,255,0,0,0,255,255,255
1,2,4,278891.037474,5162,255,0,0,255,255,255,0,0,255,0,0,255,255,255,0,0
1,2,5,278891.05842,5183,0,0,255,255,255,0,0,255,0,0,255,255,255,0,0,255
1,2,6,278891.0796371,5205,0,255,255,0,0,0,255,255,0,255,255,0,0,0,255,255
1,2,7,278891.1003468,5226,0,255,255,0,0,255,255,0,0,255,255,0,0,255,255,0
1,2,8,278891.1212589,5248,255,255,0,0,255,0,0,255,255,255,0,0,255,0,0,255
1,2,9,278891.1422179,5269,255,0,0,255,255,0,255,255,255,0,0,255,255,0,255,255
1,2,10,278891.1629524,5291,255,0,255,255,0,255,255,0,255,0,255,255,0,255,255,0
1,2,11,278891.1836494,5312,0,0,255,0,0,255,0,0,0,0,255,0,0,255,0,0
1,2,12,278891.2046408,5333,0,255,0,0,255,0,0,255,0,255,0,0,255,0,0,255
1,2,13,278891.2254001,5354,0,255,0,255,255,0,255,0,0,255,0,255,255,0,255,0
1,2,14,278891.2462082,5376,255,0,0,255,0,255,0,0,255,0,0,255,0,255,0,0
1,2,15,278891.267083,5397,255,0,255,0,0,255,0,255,255,0,255,0,0,255,0,255
1,2,16,278891.2879084,5418,255,0,255,0,255,0,255,0,255,0,255,0,255,0,255,0
1,2,17,278891.3087154,5440,0,255,0,255,255,0,255,0,0,255,0,255,255,0,255,0
1,2,18,278891.329511,5461,0,255,0,255,0,255,0,255,0,255,0,255,0,255,0,255
1,2,19,278891.3503994,5482,0,255,0,255,0,255,0,255,0,255,0,255,0,255,0,255
1,2,20,278891.3712537,5504,255,0,255,0,255,0,255,0,255,0,255,0,255,0,255,0
1,2,21,278891.3921496,5525,255,0,255,0,255,255,0,255,255,0,255,0,255,255,0,255
1,2,22,278891.4127264,5546,255,255,0,255,0,255,0,255,255,255,0,255,0,255,0,255
1,2,23,278891.4336176,5568,0,255,0,255,0,0,255,0,0,255,0,255,0,0,255,0
1,2,24,278891.4546872,5589,0,255,255,0,255,0,255,255,0,255,255,0,255,0,255,255
1,2,25,278891.4752089,5610,0,0,255,0,255,255,0,255,0,0,255,0,255,255,0,255
1,2,26,278891.496186,5632,255,0,255,255,0,255,255,0,255,0,255,255,0,255,255,0
1,2,27,278891.5169035,5653,255,0,0,255,0,0,255,0,255,0,0,255,0,0,255,0
1,2,28,278891.5380007,5675,255,255,0,0,255,0,0,255,255,255,0,0,255,0,0,255
1,2,29,278891.5585502,5696,0,255,255,0,255,255,0,0,0,255,255,0,255,255,0,0
1,2,30,278891.5794704,5717,0,0,255,255,0,255,255,0,0,0,255,255,0,255,255,0
1,2,31,278891.600515,5739,0,0,255,255,0,0,255,255,0,0,255,255,0,0,255,255
1,2,32,278891.6210173,5760,255,0,0,255,255,255,0,0,255,0,0,255,255,255,0,0
1,2,33,278891.641899,5781,255,255,0,0,255,255,255,0,255,255,0,0,255,255,255,0
1,2,34,278891.6627649,5802,255,255,255,0,0,0,255,255,255,255,255,0,0,0,255,255
1,2,35,278891.6835038,5824,0,255,255,255,0,0,0,255,0,255,255,255,0,0,0,255
1,2,36,278891.704489,5845,0,0,0,255,255,255,0,0,0,0,0,255,255,255,0,0
1,2,37,278891.7251648,5866,0,0,0,0,255,255,255,255,0,0,0,0,255,255,255,255
1,2,38,278891.7460478,5888,255,255,0,0,0,0,0,255,255,255,0,0,0,0,0,255
1,2,39,278891.7669985,5909,255,255,255,255,0,0,0,0,255,255,255,255,0,0,0,0
1,2,40,278891.7876334,5930,255,255,255,255,255,255,255,255,255,255,255,255,255,255,255,255
1,2,41,278891.8088181,5952,0,0,0,0,255,255,255,255,0,0,0,0,255,255,255,255
1,2,42,278891.8294658,5973,0,0,0,0,0,0,0,0,0,0,0,0,0,0,0,0
1,2,43,278891.8502422,5994,0,0,0,0,0,0,0,0,0,0,0,0,0,0,0,0
1,2,44,278891.8709626,6016,255,255,255,255,255,255,255,255,255,255,255,255,255,255,255,255
1,2,45,278891.8920021,6037,255,255,255,255,255,0,0,0,255,255,255,255,255,0,0,0
1,2,46,278891.9126452,6058,255,0,0,0,0,0,0,0,255,0,0,0,0,0,0,0
1,2,47,278891.9334648,6080,0,0,0,0,0,255,255,255,0,0,0,0,0,255,255,255
1,2,48,278891.954435,6101,0,0,255,255,255,255,255,0,0,0,255,255,255,255,255,0
1,2,49,278891.9752311,6122,0,255,255,255,255,0,0,0,0,255,255,255,255,0,0,0
1,2,50,278891.9959602,6144,255,255,255,0,0,0,255,255,255,255,255,0,0,0,255,255
1,2,51,278892.0167135,6165,255,255,0,0,0,255,255,255,255,255,0,0,0,255,255,255
1,2,52,278892.0377057,6186,255,0,0,255,255,255,0,0,255,0,0,255,255,255,0,0
1,2,53,278892.0584546,6207,0,0,255,255,255,0,0,255,0,0,255,255,255,0,0,255
1,2,54,278892.0794699,6229,0,255,255,0,0,0,255,255,0,255,255,0,0,0,255,255
1,2,55,278892.100054,6250,0,255,255,0,0,255,255,0,0,255,255,0,0,255,255,0
1,2,56,278892.1212015,6272,255,255,0,0,255,0,0,255,255,255,0,0,255,0,0,255
1,2,57,278892.1416761,6293,255,0,0,255,255,0,255,255,255,0,0,255,255,0,255,255
1,2,58,278892.1627755,6314,255,0,255,255,0,255,255,0,255,0,255,255,0,255,255,0
1,2,59,278892.183376,6335,0,0,255,0,0,255,0,0,0,0,255,0,0,255,0,0
1,2,60,278892.2042879,6357,0,255,0,0,255,0,0,255,0,255,0,0,255,0,0,255
1,2,61,278892.2250757,6378,0,255,0,255,255,0,255,0,0,255,0,255,255,0,255,0
1,2,62,278892.2461034,6400,255,0,0,255,0,255,0,0,255,0,0,255,0,255,0,0
1,2,63,278892.2665899,6421,255,0,255,0,0,255,0,255,255,0,255,0,0,255,0,255
1,2,64,278892.2875916,6442,255,0,255,0,255,0,255,0,255,0,255,0,255,0,255,0
1,2,65,278892.3083515,6463,0,255,0,255,255,0,255,0,0,255,0,255,255,0,255,0
1,2,66,278892.3293655,6485,0,255,0,255,0,255,0,255,0,255,0,255,0,255,0,255
1,2,67,278892.3499594,6506,0,255,0,255,0,255,0,255,0,255,0,255,0,255,0,255
1,2,68,278892.370897,6527,255,0,255,0,255,0,255,0,255,0,255,0,255,0,255,0
1,2,69,278892.3916884,6549,255,0,255,0,255,255,0,255,255,0,255,0,255,255,0,255
1,2,70,278892.4126643,6570,255,255,0,255,0,255,0,255,255,255,0,255,0,255,0,255
1,2,71,278892.4333736,6591,0,255,0,255,0,0,255,0,0,255,0,255,0,0,255,0
1,2,72,278892.4542018,6613,0,255,255,0,255,0,255,255,0,255,255,0,255,0,255,255
1,2,73,278892.475165,6634,0,0,255,0,255,255,0,255,0,0,255,0,255,255,0,255
1,2,74,278892.4958046,6655,255,0,255,255,0,255,255,0,255,0,255,255,0,255,255,0
1,2,75,278892.5166058,6677,255,0,0,255,0,0,255,0,255,0,0,255,0,0,255,0
1,2,76,278892.5374554,6698,255,255,0,0,255,0,0,255,255,255,0,0,255,0,0,255
1,2,77,278892.5583314,6719,0,255,255,0,255,255,0,0,0,255,255,0,255,255,0,0
1,2,78,278892.579135,6741,0,0,255,255,0,255,255,0,0,0,255,255,0,255,255,0
1,2,79,278892.6000291,6762,0,0,255,255,0,0,255,255,0,0,255,255,0,0,255,255
1,2,80,278892.6206977,6783,255,0,0,255,255,255,0,0,255,0,0,255,255,255,0,0
1,2,81,278892.6416488,6805,255,255,0,0,255,255,255,0,255,255,0,0,255,255,255,0
1,2,82,278892.6623453,6826,255,255,255,0,0,0,255,255,255,255,255,0,0,0,255,255
1,2,83,278892.6832995,6847,0,255,255,255,0,0,0,255,0,255,255,255,0,0,0,255
1,2,84,278892.7040918,6869,0,0,0,255,255,255,0,0,0,0,0,255,255,255,0,0
1,2,85,278892.7248591,6890,0,0,0,0,255,255,255,255,0,0,0,0,255,255,255,255
1,2,86,278892.7457377,6911,255,255,0,0,0,0,0,255,255,255,0,0,0,0,0,255
1,2,87,278892.7665212,6933,255,255,255,255,0,0,0,0,255,255,255,255,0,0,0,0
1,2,88,278892.7874433,6954,255,255,255,255,255,255,255,255,255,255,255,255,255,255,255,255
1,2,89,278892.8082589,6975,0,0,0,0,255,255,255,255,0,0,0,0,255,255,255,255
1,2,90,278892.8292048,6997,0,0,0,0,0,0,0,0,0,0,0,0,0,0,0,0
1,2,91,278892.8500189,7018,0,0,0,0,0,0,0,0,0,0,0,0,0,0,0,0
1,2,92,278892.8705781,7039,255,255,255,255,255,255,255,255,255,255,255,255,255,255,255,255
1,2,93,278892.8915063,7061,255,255,255,255,255,0,0,0,255,255,255,255,255,0,0,0
1,2,94,278892.9124138,7082,255,0,0,0,0,0,0,0,255,0,0,0,0,0,0,0
1,2,95,278892.933111,7103,0,0,0,0,0,255,255,255,0,0,0,0,0,255,255,255
1,2,96,278892.954212,7125,0,0,255,255,255,255,255,0,0,0,255,255,255,255,255,0
1,2,97,278892.9748287,7146,0,255,255,255,255,0,0,0,0,255,255,255,255,0,0,0
1,2,98,278892.9956467,7167,255,255,255,0,0,0,255,255,255,255,255,0,0,0,255,255
1,2,99,278893.0164623,7188,255,255,0,0,0,255,255,255,255,255,0,0,0,255,255,255
1,2,100,278893.0375031,7210,255,0,0,255,255,255,0,0,255,0,0,255,255,255,0,0
1,2,101,278893.0580541,7231,0,0,255,255,255,0,0,255,0,0,255,255,255,0,0,255
1,2,102,278893.0789899,7253,0,255,255,0,0,0,255,255,0,255,255,0,0,0,255,255
1,2,103,278893.0998975,7274,0,255,255,0,0,255,255,0,0,255,255,0,0,255,255,0
1,2,104,278893.1207541,7295,255,255,0,0,255,0,0,255,255,255,0,0,255,0,0,255
1,2,105,278893.141193,7316,255,0,0,255,255,0,255,255,255,0,0,255,255,0,255,255
1,2,106,278893.162453,7338,255,0,255,255,0,255,255,0,255,0,255,255,0,255,255,0
1,2,107,278893.183035,7359,0,0,255,0,0,255,0,0,0,0,255,0,0,255,0,0
1,2,108,278893.2039011,7380,0,255,0,0,255,0,0,255,0,255,0,0,255,0,0,255
1,2,109,278893.2248667,7402,0,255,0,255,255,0,255,0,0,255,0,255,255,0,255,0
1,2,110,278893.2456694,7423,255,0,0,255,0,255,0,0,255,0,0,255,0,255,0,0
1,2,111,278893.2664622,7444,255,0,255,0,0,255,0,255,255,0,255,0,0,255,0,255
1,2,112,278893.2871744,7466,255,0,255,0,255,0,255,0,255,0,255,0,255,0,255,0
1,2,113,278893.3080593,7487,0,255,0,255,255,0,255,0,0,255,0,255,255,0,255,0
1,2,114,278893.3289335,7508,0,255,0,255,0,255,0,255,0,255,0,255,0,255,0,255
1,2,115,278893.3497578,7530,0,255,0,255,0,255,0,255,0,255,0,255,0,255,0,255
1,2,116,278893.3704724,7551,255,0,255,0,255,0,255,0,255,0,255,0,255,0,255,0
1,2,117,278893.3912879,7572,255,0,255,0,255,255,0,255,255,0,255,0,255,255,0,255
1,2,118,278893.4120926,7594,255,255,0,255,0,255,0,255,255,255,0,255,0,255,0,255
1,2,119,278893.4331494,7615,0,255,0,255,0,0,255,0,0,255,0,255,0,0,255,0
1,2,120,278893.4538306,7636,0,255,255,0,255,0,255,255,0,255,255,0,255,0,255,255
1,2,121,278893.474593,7658,0,0,255,0,255,255,0,255,0,0,255,0,255,255,0,255
1,2,122,278893.4954757,7679,255,0,255,255,0,255,255,0,255,0,255,255,0,255,255,0
1,2,123,278893.5165932,7701,255,0,0,255,0,0,255,0,255,0,0,255,0,0,255,0
1,2,124,278893.537078,7722,255,255,0,0,255,0,0,255,255,255,0,0,255,0,0,255
1,2,125,278893.5579602,7743,0,255,255,0,255,255,0,0,0,255,255,0,255,255,0,0
1,2,126,278893.5788226,7764,0,0,255,255,0,255,255,0,0,0,255,255,0,255,255,0
1,2,127,278893.5995377,7786,0,0,255,255,0,0,255,255,0,0,255,255,0,0,255,255
1,2,128,278893.6202921,7807,255,0,0,255,255,255,0,0,255,0,0,255,255,255,0,0
1,2,129,278893.6412418,7828,255,255,0,0,255,255,255,0,255,255,0,0,255,255,255,0
1,2,130,278893.6621217,7850,255,255,255,0,0,0,255,255,255,255,255,0,0,0,255,255
1,2,131,278893.6829029,7871,0,255,255,255,0,0,0,255,0,255,255,255,0,0,0,255
1,2,132,278893.7037605,7892,0,0,0,255,255,255,0,0,0,0,0,255,255,255,0,0
1,2,133,278893.724518,7914,0,0,0,0,255,255,255,255,0,0,0,0,255,255,255,255
1,2,134,278893.7454541,7935,255,255,0,0,0,0,0,255,255,255,0,0,0,0,0,255
1,2,135,278893.7662126,7956,255,255,255,255,0,0,0,0,255,255,255,255,0,0,0,0
1,2,136,278893.7870277,7978,255,255,255,255,255,255,255,255,255,255,255,255,255,255,255,255
1,2,137,278893.8078667,7999,0,0,0,0,255,255,255,255,0,0,0,0,255,255,255,255
1,2,138,278893.8286883,8020,0,0,0,0,0,0,0,0,0,0,0,0,0,0,0,0
1,2,139,278893.8495014,8042,0,0,0,0,0,0,0,0,0,0,0,0,0,0,0,0
1,2,140,278893.8704312,8063,255,255,255,255,255,255,255,255,255,255,255,255,255,255,255,255
1,2,141,278893.8912769,8084,255,255,255,255,255,0,0,0,255,255,255,255,255,0,0,0
1,2,142,278893.9120168,8106,255,0,0,0,0,0,0,0,255,0,0,0,0,0,0,0
1,2,143,278893.9328532,8127,0,0,0,0,0,255,255,255,0,0,0,0,0,255,255,255
1,2,144,278893.9538278,8148,0,0,255,255,255,255,255,0,0,0,255,255,255,255,255,0
1,3,1,278894.9726665,9192,128,255,255,255,255,0,0,0,128,255,255,255,255,0,0,0
1,3,2,278894.9765147,9196,255,255,255,0,0,0,255,255,255,255,255,0,0,0,255,255
1,3,3,278894.9946746,9214,255,255,0,0,0,255,255,255,255,255,0,0,0,255,255,255
1,3,4,278895.0154677,9235,255,0,0,255,255,255,0,0,255,0,0,255,255,255,0,0
1,3,5,278895.0365362,9257,0,0,255,255,255,0,0,255,0,0,255,255,255,0,0,255
1,3,6,278895.0575467,9279,0,255,255,0,0,0,255,255,0,255,255,0,0,0,255,255
1,3,7,278895.0782691,9300,0,255,255,0,0,255,255,0,0,255,255,0,0,255,255,0
1,3,8,278895.0990978,9321,255,255,0,0,255,0,0,255,255,255,0,0,255,0,0,255
1,3,9,278895.1198751,9342,255,0,0,255,255,0,255,255,255,0,0,255,255,0,255,255
1,3,10,278895.1409552,9364,255,0,255,255,0,255,255,0,255,0,255,255,0,255,255,0
1,3,11,278895.1616182,9385,0,0,255,0,0,255,0,0,0,0,255,0,0,255,0,0
1,3,12,278895.1826081,9407,0,255,0,0,255,0,0,255,0,255,0,0,255,0,0,255
1,3,13,278895.2032243,9428,0,255,0,255,255,0,255,0,0,255,0,255,255,0,255,0
1,3,14,278895.2239371,9449,255,0,0,255,0,255,0,0,255,0,0,255,0,255,0,0
1,3,15,278895.244826,9470,255,0,255,0,0,255,0,255,255,0,255,0,0,255,0,255
1,3,16,278895.2657426,9492,255,0,255,0,255,0,255,0,255,0,255,0,255,0,255,0
1,3,17,278895.2865477,9513,0,255,0,255,255,0,255,0,0,255,0,255,255,0,255,0
1,3,18,278895.3072361,9534,0,255,0,255,0,255,0,255,0,255,0,255,0,255,0,255
1,3,19,278895.3280057,9556,0,255,0,255,0,255,0,255,0,255,0,255,0,255,0,255
1,3,20,278895.3488791,9577,255,0,255,0,255,0,255,0,255,0,255,0,255,0,255,0
1,3,21,278895.3698689,9598,255,0,255,0,255,255,0,255,255,0,255,0,255,255,0,255
1,3,22,278895.3908396,9620,255,255,0,255,0,255,0,255,255,255,0,255,0,255,0,255
1,3,23,278895.4114165,9641,0,255,0,255,0,0,255,0,0,255,0,255,0,0,255,0
1,3,24,278895.43235,9662,0,255,255,0,255,0,255,255,0,255,255,0,255,0,255,255
1,3,25,278895.4530999,9684,0,0,255,0,255,255,0,255,0,0,255,0,255,255,0,255
1,3,26,278895.4741357,9705,255,0,255,255,0,255,255,0,255,0,255,255,0,255,255,0
1,3,27,278895.494848,9726,255,0,0,255,0,0,255,0,255,0,0,255,0,0,255,0
1,3,28,278895.5155586,9748,255,255,0,0,255,0,0,255,255,255,0,0,255,0,0,255
1,3,29,278895.5365911,9769,0,255,255,0,255,255,0,0,0,255,255,0,255,255,0,0
1,3,30,278895.5573978,9790,0,0,255,255,0,255,255,0,0,0,255,255,0,255,255,0
1,3,31,278895.5780282,9812,0,0,255,255,0,0,255,255,0,0,255,255,0,0,255,255
1,3,32,278895.5989024,9833,255,0,0,255,255,255,0,0,255,0,0,255,255,255,0,0
1,3,33,278895.619904,9854,255,255,0,0,255,255,255,0,255,255,0,0,255,255,255,0
1,3,34,278895.640566,9876,255,255,255,0,0,0,255,255,255,255,255,0,0,0,255,255
1,3,35,278895.6619921,9898,0,255,255,255,0,0,0,255,0,255,255,255,0,0,0,255
1,3,36,278895.6823688,9918,0,0,0,255,255,255,0,0,0,0,0,255,255,255,0,0
1,3,37,278895.7030682,9940,0,0,0,0,255,255,255,255,0,0,0,0,255,255,255,255
1,3,38,278895.7238264,9961,255,255,0,0,0,0,0,255,255,255,0,0,0,0,0,255
1,3,39,278895.7448775,9982,255,255,255,255,0,0,0,0,255,255,255,255,0,0,0,0
1,3,40,278895.7655269,10004,255,255,255,255,255,255,255,255,255,255,255,255,255,255,255,255
1,3,41,278895.7862357,10025,0,0,0,0,255,255,255,255,0,0,0,0,255,255,255,255
1,3,42,278895.8071339,10046,0,0,0,0,0,0,0,0,0,0,0,0,0,0,0,0
1,3,43,278895.8279917,10068,0,0,0,0,0,0,0,0,0,0,0,0,0,0,0,0
1,3,44,278895.8489065,10089,255,255,255,255,255,255,255,255,255,255,255,255,255,255,255,255
1,3,45,278895.8696768,10110,255,255,255,255,255,0,0,0,255,255,255,255,255,0,0,0
1,3,46,278895.8904262,10131,255,0,0,0,0,0,0,0,255,0,0,0,0,0,0,0
1,3,47,278895.911337,10153,0,0,0,0,0,255,255,255,0,0,0,0,0,255,255,255
1,3,48,278895.9321102,10174,0,0,255,255,255,255,255,0,0,0,255,255,255,255,255,0
1,3,49,278895.9530703,10196,0,255,255,255,255,0,0,0,0,255,255,255,255,0,0,0
1,3,50,278895.9737763,10217,255,255,255,0,0,0,255,255,255,255,255,0,0,0,255,255
1,3,51,278895.9948673,10238,255,255,0,0,0,255,255,255,255,255,0,0,0,255,255,255
1,3,52,278896.0153431,10259,255,0,0,255,255,255,0,0,255,0,0,255,255,255,0,0
1,3,53,278896.0362826,10281,0,0,255,255,255,0,0,255,0,0,255,255,255,0,0,255
1,3,54,278896.0572227,10302,0,255,255,0,0,0,255,255,0,255,255,0,0,0,255,255
1,3,55,278896.0778843,10323,0,255,255,0,0,255,255,0,0,255,255,0,0,255,255,0
1,3,56,278896.0988793,10345,255,255,0,0,255,0,0,255,255,255,0,0,255,0,0,255
1,3,57,278896.1197233,10366,255,0,0,255,255,0,255,255,255,0,0,255,255,0,255,255
1,3,58,278896.1404772,10387,255,0,255,255,0,255,255,0,255,0,255,255,0,255,255,0
1,3,59,278896.1613916,10409,0,0,255,0,0,255,0,0,0,0,255,0,0,255,0,0
1,3,60,278896.1822617,10430,0,255,0,0,255,0,0,255,0,255,0,0,255,0,0,255
1,3,61,278896.2028662,10451,0,255,0,255,255,0,255,0,0,255,0,255,255,0,255,0
1,3,62,278896.2237779,10473,255,0,0,255,0,255,0,0,255,0,0,255,0,255,0,0
1,3,63,278896.2445367,10494,255,0,255,0,0,255,0,255,255,0,255,0,0,255,0,255
1,3,64,278896.2655334,10516,255,0,255,0,255,0,255,0,255,0,255,0,255,0,255,0
1,3,65,278896.2861738,10537,0,255,0,255,255,0,255,0,0,255,0,255,255,0,255,0
1,3,66,278896.306984,10558,0,255,0,255,0,255,0,255,0,255,0,255,0,255,0,255
1,3,67,278896.3277764,10579,0,255,0,255,0,255,0,255,0,255,0,255,0,255,0,255
1,3,68,278896.3488213,10601,255,0,255,0,255,0,255,0,255,0,255,0,255,0,255,0
1,3,69,278896.3695266,10622,255,0,255,0,255,255,0,255,255,0,255,0,255,255,0,255
1,3,70,278896.3903387,10643,255,255,0,255,0,255,0,255,255,255,0,255,0,255,0,255
1,3,71,278896.4111661,10665,0,255,0,255,0,0,255,0,0,255,0,255,0,0,255,0
1,3,72,278896.4320566,10686,0,255,255,0,255,0,255,255,0,255,255,0,255,0,255,255
1,3,73,278896.4528636,10707,0,0,255,0,255,255,0,255,0,0,255,0,255,255,0,255
1,3,74,278896.4739986,10729,255,0,255,255,0,255,255,0,255,0,255,255,0,255,255,0
1,3,75,278896.494479,10750,255,0,0,255,0,0,255,0,255,0,0,255,0,0,255,0
1,3,76,278896.5152832,10771,255,255,0,0,255,0,0,255,255,255,0,0,255,0,0,255
1,3,77,278896.5361415,10793,0,255,255,0,255,255,0,0,0,255,255,0,255,255,0,0
1,3,78,278896.5571341,10814,0,0,255,255,0,255,255,0,0,0,255,255,0,255,255,0
1,3,79,278896.5777926,10835,0,0,255,255,0,0,255,255,0,0,255,255,0,0,255,255
1,3,80,278896.5986115,10857,255,0,0,255,255,255,0,0,255,0,0,255,255,255,0,0
1,3,81,278896.6193947,10878,255,255,0,0,255,255,255,0,255,255,0,0,255,255,255,0
1,3,82,278896.6403808,10899,255,255,255,0,0,0,255,255,255,255,255,0,0,0,255,255
1,3,83,278896.661094,10921,0,255,255,255,0,0,0,255,0,255,255,255,0,0,0,255
1,3,84,278896.6816527,10942,0,0,0,255,255,255,0,0,0,0,0,255,255,255,0,0
1,3,85,278896.7026743,10963,0,0,0,0,255,255,255,255,0,0,0,0,255,255,255,255
1,3,86,278896.7234958,10985,255,255,0,0,0,0,0,255,255,255,0,0,0,0,0,255
1,3,87,278896.7445481,11006,255,255,255,255,0,0,0,0,255,255,255,255,0,0,0,0
1,3,88,278896.7652355,11027,255,255,255,255,255,255,255,255,255,255,255,255,255,255,255,255
1,3,89,278896.7862172,11049,0,0,0,0,255,255,255,255,0,0,0,0,255,255,255,255
1,3,90,278896.806948,11070,0,0,0,0,0,0,0,0,0,0,0,0,0,0,0,0
1,3,91,278896.8278607,11091,0,0,0,0,0,0,0,0,0,0,0,0,0,0,0,0
1,3,92,278896.8484772,11112,255,255,255,255,255,255,255,255,255,255,255,255,255,255,255,255
1,3,93,278896.8693844,11134,255,255,255,255,255,0,0,0,255,255,255,255,255,0,0,0
1,3,94,278896.890127,11155,255,0,0,0,0,0,0,0,255,0,0,0,0,0,0,0
1,3,95,278896.9110431,11177,0,0,0,0,0,255,255,255,0,0,0,0,0,255,255,255
1,3,96,278896.9318438,11198,0,0,255,255,255,255,255,0,0,0,255,255,255,255,255,0
1,3,97,278896.9526726,11219,0,255,255,255,255,0,0,0,0,255,255,255,255,0,0,0
1,3,98,278896.9735419,11241,255,255,255,0,0,0,255,255,255,255,255,0,0,0,255,255
1,3,99,278896.9944886,11262,255,255,0,0,0,255,255,255,255,255,0,0,0,255,255,255
1,3,100,278897.0151974,11283,255,0,0,255,255,255,0,0,255,0,0,255,255,255,0,0
1,3,101,278897.0361224,11305,0,0,255,255,255,0,0,255,0,0,255,255,255,0,0,255
1,3,102,278897.0567669,11326,0,255,255,0,0,0,255,255,0,255,255,0,0,0,255,255
1,3,103,278897.0777367,11347,0,255,255,0,0,255,255,0,0,255,255,0,0,255,255,0
1,3,104,278897.0984464,11368,255,255,0,0,255,0,0,255,255,255,0,0,255,0,0,255
1,3,105,278897.1191628,11390,255,0,0,255,255,0,255,255,255,0,0,255,255,0,255,255
1,3,106,278897.1400975,11411,255,0,255,255,0,255,255,0,255,0,255,255,0,255,255,0
1,3,107,278897.1608523,11432,0,0,255,0,0,255,0,0,0,0,255,0,0,255,0,0
1,3,108,278897.1817839,11454,0,255,0,0,255,0,0,255,0,255,0,0,255,0,0,255
1,3,109,278897.2026076,11475,0,255,0,255,255,0,255,0,0,255,0,255,255,0,255,0
1,3,110,278897.2233806,11496,255,0,0,255,0,255,0,0,255,0,0,255,0,255,0,0
1,3,111,278897.2441596,11518,255,0,255,0,0,255,0,255,255,0,255,0,0,255,0,255
1,3,112,278897.2649864,11539,255,0,255,0,255,0,255,0,255,0,255,0,255,0,255,0
1,3,113,278897.2859062,11560,0,255,0,255,255,0,255,0,0,255,0,255,255,0,255,0
1,3,114,278897.3066551,11582,0,255,0,255,0,255,0,255,0,255,0,255,0,255,0,255
1,3,115,278897.3277069,11603,0,255,0,255,0,255,0,255,0,255,0,255,0,255,0,255
1,3,116,278897.3483248,11624,255,0,255,0,255,0,255,0,255,0,255,0,255,0,255,0
1,3,117,278897.3692104,11646,255,0,255,0,255,255,0,255,255,0,255,0,255,255,0,255
1,3,118,278897.3899569,11667,255,255,0,255,0,255,0,255,255,255,0,255,0,255,0,255
1,3,119,278897.4107724,11688,0,255,0,255,0,0,255,0,0,255,0,255,0,0,255,0
1,3,120,278897.4316756,11710,0,255,255,0,255,0,255,255,0,255,255,0,255,0,255,255
1,3,121,278897.4526021,11731,0,0,255,0,255,255,0,255,0,0,255,0,255,255,0,255
1,3,122,278897.4732328,11752,255,0,255,255,0,255,255,0,255,0,255,255,0,255,255,0
1,3,123,278897.4942781,11774,255,0,0,255,0,0,255,0,255,0,0,255,0,0,255,0
1,3,124,278897.5150555,11795,255,255,0,0,255,0,0,255,255,255,0,0,255,0,0,255
1,3,125,278897.5358389,11816,0,255,255,0,255,255,0,0,0,255,255,0,255,255,0,0
1,3,126,278897.5565924,11838,0,0,255,255,0,255,255,0,0,0,255,255,0,255,255,0
1,3,127,278897.5775135,11859,0,0,255,255,0,0,255,255,0,0,255,255,0,0,255,255
1,3,128,278897.5982262,11880,255,0,0,255,255,255,0,0,255,0,0,255,255,255,0,0
1,3,129,278897.6194152,11902,255,255,0,0,255,255,255,0,255,255,0,0,255,255,255,0
1,3,130,278897.6399437,11923,255,255,255,0,0,0,255,255,255,255,255,0,0,0,255,255
1,3,131,278897.6607853,11944,0,255,255,255,0,0,0,255,0,255,255,255,0,0,0,255
1,3,132,278897.6815739,11966,0,0,0,255,255,255,0,0,0,0,0,255,255,255,0,0
1,3,133,278897.7024493,11987,0,0,0,0,255,255,255,255,0,0,0,0,255,255,255,255
1,3,134,278897.7232229,12008,255,255,0,0,0,0,0,255,255,255,0,0,0,0,0,255
1,3,135,278897.7441481,12030,255,255,255,255,0,0,0,0,255,255,255,255,0,0,0,0
1,3,136,278897.7649848,12051,255,255,255,255,255,255,255,255,255,255,255,255,255,255,255,255
1,3,137,278897.7856563,12072,0,0,0,0,255,255,255,255,0,0,0,0,255,255,255,255
1,3,138,278897.8066935,12094,0,0,0,0,0,0,0,0,0,0,0,0,0,0,0,0
1,3,139,278897.8274338,12115,0,0,0,0,0,0,0,0,0,0,0,0,0,0,0,0
1,3,140,278897.8481283,12136,255,255,255,255,255,255,255,255,255,255,255,255,255,255,255,255
1,3,141,278897.869409,12158,255,255,255,255,255,0,0,0,255,255,255,255,255,0,0,0
1,3,142,278897.8898437,12179,255,0,0,0,0,0,0,0,255,0,0,0,0,0,0,0
1,3,143,278897.910905,12200,0,0,0,0,0,255,255,255,0,0,0,0,0,255,255,255
1,3,144,278897.9314139,12221,0,0,255,255,255,255,255,0,0,0,255,255,255,255,255,0
1,4,1,278898.9475514,13262,128,255,255,255,255,0,0,0,128,255,255,255,255,0,0,0
1,4,2,278898.9513622,13266,255,255,255,0,0,0,255,255,255,255,255,0,0,0,255,255
1,4,3,278898.9723766,13287,255,255,0,0,0,255,255,255,255,255,0,0,0,255,255,255
1,4,4,278898.9932672,13309,255,0,0,255,255,255,0,0,255,0,0,255,255,255,0,0
1,4,5,278899.0140704,13330,0,0,255,255,255,0,0,255,0,0,255,255,255,0,0,255
1,4,6,278899.0351222,13352,0,255,255,0,0,0,255,255,0,255,255,0,0,0,255,255
1,4,7,278899.0559961,13373,0,255,255,0,0,255,255,0,0,255,255,0,0,255,255,0
1,4,8,278899.0769173,13394,255,255,0,0,255,0,0,255,255,255,0,0,255,0,0,255
1,4,9,278899.0978163,13416,255,0,0,255,255,0,255,255,255,0,0,255,255,0,255,255
1,4,10,278899.1184342,13437,255,0,255,255,0,255,255,0,255,0,255,255,0,255,255,0
1,4,11,278899.139663,13459,0,0,255,0,0,255,0,0,0,0,255,0,0,255,0,0
1,4,12,278899.1601949,13480,0,255,0,0,255,0,0,255,0,255,0,0,255,0,0,255
1,4,13,278899.181062,13501,0,255,0,255,255,0,255,0,0,255,0,255,255,0,255,0
1,4,14,278899.2020664,13523,255,0,0,255,0,255,0,0,255,0,0,255,0,255,0,0
1,4,15,278899.2227651,13544,255,0,255,0,0,255,0,255,255,0,255,0,0,255,0,255
1,4,16,278899.2435152,13565,255,0,255,0,255,0,255,0,255,0,255,0,255,0,255,0
1,4,17,278899.2644708,13586,0,255,0,255,255,0,255,0,0,255,0,255,255,0,255,0
1,4,18,278899.2852542,13608,0,255,0,255,0,255,0,255,0,255,0,255,0,255,0,255
1,4,19,278899.3061218,13629,0,255,0,255,0,255,0,255,0,255,0,255,0,255,0,255
1,4,20,278899.3267742,13650,255,0,255,0,255,0,255,0,255,0,255,0,255,0,255,0
1,4,21,278899.3478808,13672,255,0,255,0,255,255,0,255,255,0,255,0,255,255,0,255
1,4,22,278899.3687259,13693,255,255,0,255,0,255,0,255,255,255,0,255,0,255,0,255
1,4,23,278899.3892842,13714,0,255,0,255,0,0,255,0,0,255,0,255,0,0,255,0
1,4,24,278899.410077,13736,0,255,255,0,255,0,255,255,0,255,255,0,255,0,255,255
1,4,25,278899.4310169,13757,0,0,255,0,255,255,0,255,0,0,255,0,255,255,0,255
1,4,26,278899.4517045,13778,255,0,255,255,0,255,255,0,255,0,255,255,0,255,255,0
1,4,27,278899.472614,13800,255,0,0,255,0,0,255,0,255,0,0,255,0,0,255,0
1,4,28,278899.4935334,13821,255,255,0,0,255,0,0,255,255,255,0,0,255,0,0,255
1,4,29,278899.5142827,13842,0,255,255,0,255,255,0,0,0,255,255,0,255,255,0,0
1,4,30,278899.5349975,13863,0,0,255,255,0,255,255,0,0,0,255,255,0,255,255,0
1,4,31,278899.5560856,13885,0,0,255,255,0,0,255,255,0,0,255,255,0,0,255,255
1,4,32,278899.5767438,13906,255,0,0,255,255,255,0,0,255,0,0,255,255,255,0,0
1,4,33,278899.5976541,13928,255,255,0,0,255,255,255,0,255,255,0,0,255,255,255,0
1,4,34,278899.6184441,13949,255,255,255,0,0,0,255,255,255,255,255,0,0,0,255,255
1,4,35,278899.6392345,13970,0,255,255,255,0,0,0,255,0,255,255,255,0,0,0,255
1,4,36,278899.6604193,13992,0,0,0,255,255,255,0,0,0,0,0,255,255,255,0,0
1,4,37,278899.6808269,14013,0,0,0,0,255,255,255,255,0,0,0,0,255,255,255,255
1,4,38,278899.7017358,14034,255,255,0,0,0,0,0,255,255,255,0,0,0,0,0,255
1,4,39,278899.7225094,14055,255,255,255,255,0,0,0,0,255,255,255,255,0,0,0,0
1,4,40,278899.7434969,14077,255,255,255,255,255,255,255,255,255,255,255,255,255,255,255,255
1,4,41,278899.7640982,14098,0,0,0,0,255,255,255,255,0,0,0,0,255,255,255,255
1,4,42,278899.78513,14120,0,0,0,0,0,0,0,0,0,0,0,0,0,0,0,0
1,4,43,278899.8058793,14141,0,0,0,0,0,0,0,0,0,0,0,0,0,0,0,0
1,4,44,278899.8266909,14162,255,255,255,255,255,255,255,255,255,255,255,255,255,255,255,255
1,4,45,278899.8476664,14184,255,255,255,255,255,0,0,0,255,255,255,255,255,0,0,0
1,4,46,278899.8683789,14205,255,0,0,0,0,0,0,0,255,0,0,0,0,0,0,0
1,4,47,278899.8892075,14226,0,0,0,0,0,255,255,255,0,0,0,0,0,255,255,255
1,4,48,278899.9099163,14247,0,0,255,255,255,255,255,0,0,0,255,255,255,255,255,0
1,4,49,278899.9308608,14269,0,255,255,255,255,0,0,0,0,255,255,255,255,0,0,0
1,4,50,278899.9517354,14290,255,255,255,0,0,0,255,255,255,255,255,0,0,0,255,255
1,4,51,278899.9727611,14312,255,255,0,0,0,255,255,255,255,255,0,0,0,255,255,255
1,4,52,278899.9932815,14333,255,0,0,255,255,255,0,0,255,0,0,255,255,255,0,0
1,4,53,278900.0141239,14354,0,0,255,255,255,0,0,255,0,0,255,255,255,0,0,255
1,4,54,278900.0349906,14375,0,255,255,0,0,0,255,255,0,255,255,0,0,0,255,255
1,4,55,278900.0560435,14397,0,255,255,0,0,255,255,0,0,255,255,0,0,255,255,0
1,4,56,278900.0765365,14418,255,255,0,0,255,0,0,255,255,255,0,0,255,0,0,255
1,4,57,278900.097347,14439,255,0,0,255,255,0,255,255,255,0,0,255,255,0,255,255
1,4,58,278900.1182616,14461,255,0,255,255,0,255,255,0,255,0,255,255,0,255,255,0
1,4,59,278900.1389842,14482,0,0,255,0,0,255,0,0,0,0,255,0,0,255,0,0
1,4,60,278900.1598784,14503,0,255,0,0,255,0,0,255,0,255,0,0,255,0,0,255
1,4,61,278900.1807435,14525,0,255,0,255,255,0,255,0,0,255,0,255,255,0,255,0
1,4,62,278900.2016199,14546,255,0,0,255,0,255,0,0,255,0,0,255,0,255,0,0
1,4,63,278900.2222245,14567,255,0,255,0,0,255,0,255,255,0,255,0,0,255,0,255
1,4,64,278900.2431824,14589,255,0,255,0,255,0,255,0,255,0,255,0,255,0,255,0
1,4,65,278900.2639521,14610,0,255,0,255,255,0,255,0,0,255,0,255,255,0,255,0
1,4,66,278900.2849403,14631,0,255,0,255,0,255,0,255,0,255,0,255,0,255,0,255
1,4,67,278900.305738,14653,0,255,0,255,0,255,0,255,0,255,0,255,0,255,0,255
1,4,68,278900.326598,14674,255,0,255,0,255,0,255,0,255,0,255,0,255,0,255,0
1,4,69,278900.3471904,14695,255,0,255,0,255,255,0,255,255,0,255,0,255,255,0,255
1,4,70,278900.3682076,14717,255,255,0,255,0,255,0,255,255,255,0,255,0,255,0,255
1,4,71,278900.389135,14738,0,255,0,255,0,0,255,0,0,255,0,255,0,0,255,0
1,4,72,278900.4099293,14759,0,255,255,0,255,0,255,255,0,255,255,0,255,0,255,255
1,4,73,278900.4307161,14781,0,0,255,0,255,255,0,255,0,0,255,0,255,255,0,255
1,4,74,278900.4514468,14802,255,0,255,255,0,255,255,0,255,0,255,255,0,255,255,0
1,4,75,278900.4723794,14823,255,0,0,255,0,0,255,0,255,0,0,255,0,0,255,0
1,4,76,278900.4930601,14845,255,255,0,0,255,0,0,255,255,255,0,0,255,0,0,255
1,4,77,278900.5142004,14866,0,255,255,0,255,255,0,0,0,255,255,0,255,255,0,0
1,4,78,278900.5347513,14887,0,0,255,255,0,255,255,0,0,0,255,255,0,255,255,0
1,4,79,278900.5557023,14909,0,0,255,255,0,0,255,255,0,0,255,255,0,0,255,255
1,4,80,278900.576568,14930,255,0,0,255,255,255,0,0,255,0,0,255,255,255,0,0
1,4,81,278900.597291,14951,255,255,0,0,255,255,255,0,255,255,0,0,255,255,255,0
1,4,82,278900.6180772,14973,255,255,255,0,0,0,255,255,255,255,255,0,0,0,255,255
1,4,83,278900.6391082,14994,0,255,255,255,0,0,0,255,0,255,255,255,0,0,0,255
1,4,84,278900.6599377,15015,0,0,0,255,255,255,0,0,0,0,0,255,255,255,0,0
1,4,85,278900.6808743,15037,0,0,0,0,255,255,255,255,0,0,0,0,255,255,255,255
1,4,86,278900.70132,15058,255,255,0,0,0,0,0,255,255,255,0,0,0,0,0,255
1,4,87,278900.7222608,15079,255,255,255,255,0,0,0,0,255,255,255,255,0,0,0,0
1,4,88,278900.7430209,15100,255,255,255,255,255,255,255,255,255,255,255,255,255,255,255,255
1,4,89,278900.7639676,15122,0,0,0,0,255,255,255,255,0,0,0,0,255,255,255,255
1,4,90,278900.784699,15143,0,0,0,0,0,0,0,0,0,0,0,0,0,0,0,0
1,4,91,278900.80545,15164,0,0,0,0,0,0,0,0,0,0,0,0,0,0,0,0
1,4,92,278900.8263774,15186,255,255,255,255,255,255,255,255,255,255,255,255,255,255,255,255
1,4,93,278900.8472126,15207,255,255,255,255,255,0,0,0,255,255,255,255,255,0,0,0
1,4,94,278900.8680417,15229,255,0,0,0,0,0,0,0,255,0,0,0,0,0,0,0
1,4,95,278900.888933,15250,0,0,0,0,0,255,255,255,0,0,0,0,0,255,255,255
1,4,96,278900.9096118,15271,0,0,255,255,255,255,255,0,0,0,255,255,255,255,255,0
1,4,97,278900.9304338,15292,0,255,255,255,255,0,0,0,0,255,255,255,255,0,0,0
1,4,98,278900.9513901,15314,255,255,255,0,0,0,255,255,255,255,255,0,0,0,255,255
1,4,99,278900.9722893,15335,255,255,0,0,0,255,255,255,255,255,0,0,0,255,255,255
1,4,100,278900.9929398,15356,255,0,0,255,255,255,0,0,255,0,0,255,255,255,0,0
1,4,101,278901.0137243,15378,0,0,255,255,255,0,0,255,0,0,255,255,255,0,0,255
1,4,102,278901.0347059,15399,0,255,255,0,0,0,255,255,0,255,255,0,0,0,255,255
1,4,103,278901.0554181,15420,0,255,255,0,0,255,255,0,0,255,255,0,0,255,255,0
1,4,104,278901.0762923,15442,255,255,0,0,255,0,0,255,255,255,0,0,255,0,0,255
1,4,105,278901.0971846,15463,255,0,0,255,255,0,255,255,255,0,0,255,255,0,255,255
1,4,106,278901.1181203,15485,255,0,255,255,0,255,255,0,255,0,255,255,0,255,255,0
1,4,107,278901.1387013,15506,0,0,255,0,0,255,0,0,0,0,255,0,0,255,0,0
1,4,108,278901.1595462,15527,0,255,0,0,255,0,0,255,0,255,0,0,255,0,0,255
1,4,109,278901.1803243,15548,0,255,0,255,255,0,255,0,0,255,0,255,255,0,255,0
1,4,110,278901.2013524,15570,255,0,0,255,0,255,0,0,255,0,0,255,0,255,0,0
1,4,111,278901.2222391,15591,255,0,255,0,0,255,0,255,255,0,255,0,0,255,0,255
1,4,112,278901.2432261,15613,255,0,255,0,255,0,255,0,255,0,255,0,255,0,255,0
1,4,113,278901.263759,15634,0,255,0,255,255,0,255,0,0,255,0,255,255,0,255,0
1,4,114,278901.2847009,15655,0,255,0,255,0,255,0,255,0,255,0,255,0,255,0,255
1,4,115,278901.3053977,15676,0,255,0,255,0,255,0,255,0,255,0,255,0,255,0,255
1,4,116,278901.326374,15698,255,0,255,0,255,0,255,0,255,0,255,0,255,0,255,0
1,4,117,278901.3471998,15719,255,0,255,0,255,255,0,255,255,0,255,0,255,255,0,255
1,4,118,278901.3681701,15741,255,255,0,255,0,255,0,255,255,255,0,255,0,255,0,255
1,4,119,278901.3888579,15762,0,255,0,255,0,0,255,0,0,255,0,255,0,0,255,0
1,4,120,278901.4097926,15783,0,255,255,0,255,0,255,255,0,255,255,0,255,0,255,255
1,4,121,278901.4300265,15804,0,0,255,0,255,255,0,255,0,0,255,0,255,255,0,255
1,4,122,278901.4515084,15826,255,0,255,255,0,255,255,0,255,0,255,255,0,255,255,0
1,4,123,278901.4717009,15847,255,0,0,255,0,0,255,0,255,0,0,255,0,0,255,0
1,4,124,278901.4927107,15868,255,255,0,0,255,0,0,255,255,255,0,0,255,0,0,255
1,4,125,278901.5135742,15890,0,255,255,0,255,255,0,0,0,255,255,0,255,255,0,0
1,4,126,278901.5344959,15911,0,0,255,255,0,255,255,0,0,0,255,255,0,255,255,0
1,4,127,278901.5552577,15932,0,0,255,255,0,0,255,255,0,0,255,255,0,0,255,255
1,4,128,278901.5760174,15953,255,0,0,255,255,255,0,0,255,0,0,255,255,255,0,0
1,4,129,278901.597089,15975,255,255,0,0,255,255,255,0,255,255,0,0,255,255,255,0
1,4,130,278901.6179721,15996,255,255,255,0,0,0,255,255,255,255,255,0,0,0,255,255
1,4,131,278901.6385474,16018,0,255,255,255,0,0,0,255,0,255,255,255,0,0,0,255
1,4,132,278901.659323,16039,0,0,0,255,255,255,0,0,0,0,0,255,255,255,0,0
1,4,133,278901.6802565,16060,0,0,0,0,255,255,255,255,0,0,0,0,255,255,255,255
1,4,134,278901.7010766,16082,255,255,0,0,0,0,0,255,255,255,0,0,0,0,0,255
1,4,135,278901.7219908,16103,255,255,255,255,0,0,0,0,255,255,255,255,0,0,0,0
1,4,136,278901.7428775,16124,255,255,255,255,255,255,255,255,255,255,255,255,255,255,255,255
1,4,137,278901.7635395,16146,0,0,0,0,255,255,255,255,0,0,0,0,255,255,255,255
1,4,138,278901.7843817,16167,0,0,0,0,0,0,0,0,0,0,0,0,0,0,0,0
1,4,139,278901.8051461,16188,0,0,0,0,0,0,0,0,0,0,0,0,0,0,0,0
1,4,140,278901.8258512,16209,255,255,255,255,255,255,255,255,255,255,255,255,255,255,255,255
1,4,141,278901.8469114,16231,255,255,255,255,255,0,0,0,255,255,255,255,255,0,0,0
1,4,142,278901.8675896,16252,255,0,0,0,0,0,0,0,255,0,0,0,0,0,0,0
1,4,143,278901.8885067,16273,0,0,0,0,0,255,255,255,0,0,0,0,0,255,255,255
1,4,144,278901.9092518,16295,0,0,255,255,255,255,255,0,0,0,255,255,255,255,255,0
1,5,1,278902.9269267,17337,128,255,255,255,255,0,0,0,128,255,255,255,255,0,0,0
1,5,2,278902.9308995,17341,255,255,255,0,0,0,255,255,255,255,255,0,0,0,255,255
1,5,3,278902.9507466,17361,255,255,0,0,0,255,255,255,255,255,0,0,0,255,255,255
1,5,4,278902.9709868,17382,255,0,0,255,255,255,0,0,255,0,0,255,255,255,0,0
1,5,5,278902.9919491,17403,0,0,255,255,255,0,0,255,0,0,255,255,255,0,0,255
1,5,6,278903.0131265,17425,0,255,255,0,0,0,255,255,0,255,255,0,0,0,255,255
1,5,7,278903.0340274,17446,0,255,255,0,0,255,255,0,0,255,255,0,0,255,255,0
1,5,8,278903.0548004,17468,255,255,0,0,255,0,0,255,255,255,0,0,255,0,0,255
1,5,9,278903.0756523,17489,255,0,0,255,255,0,255,255,255,0,0,255,255,0,255,255
1,5,10,278903.0963231,17510,255,0,255,255,0,255,255,0,255,0,255,255,0,255,255,0
1,5,11,278903.1174675,17532,0,0,255,0,0,255,0,0,0,0,255,0,0,255,0,0
1,5,12,278903.1381118,17553,0,255,0,0,255,0,0,255,0,255,0,0,255,0,0,255
1,5,13,278903.1588808,17574,0,255,0,255,255,0,255,0,0,255,0,255,255,0,255,0
1,5,14,278903.1799108,17596,255,0,0,255,0,255,0,0,255,0,0,255,0,255,0,0
1,5,15,278903.2005583,17617,255,0,255,0,0,255,0,255,255,0,255,0,0,255,0,255
1,5,16,278903.2216171,17639,255,0,255,0,255,0,255,0,255,0,255,0,255,0,255,0
1,5,17,278903.242176,17660,0,255,0,255,255,0,255,0,0,255,0,255,255,0,255,0
1,5,18,278903.2630215,17681,0,255,0,255,0,255,0,255,0,255,0,255,0,255,0,255
1,5,19,278903.2838825,17702,0,255,0,255,0,255,0,255,0,255,0,255,0,255,0,255
1,5,20,278903.304811,17724,255,0,255,0,255,0,255,0,255,0,255,0,255,0,255,0
1,5,21,278903.3254554,17745,255,0,255,0,255,255,0,255,255,0,255,0,255,255,0,255
1,5,22,278903.3464759,17766,255,255,0,255,0,255,0,255,255,255,0,255,0,255,0,255
1,5,23,278903.367024,17787,0,255,0,255,0,0,255,0,0,255,0,255,0,0,255,0
1,5,24,278903.3879897,17809,0,255,255,0,255,0,255,255,0,255,255,0,255,0,255,255
1,5,25,278903.4087718,17830,0,0,255,0,255,255,0,255,0,0,255,0,255,255,0,255
1,5,26,278903.4298622,17852,255,0,255,255,0,255,255,0,255,0,255,255,0,255,255,0
1,5,27,278903.4505083,17873,255,0,0,255,0,0,255,0,255,0,0,255,0,0,255,0
1,5,28,278903.4713788,17894,255,255,0,0,255,0,0,255,255,255,0,0,255,0,0,255
1,5,29,278903.4923231,17916,0,255,255,0,255,255,0,0,0,255,255,0,255,255,0,0
1,5,30,278903.5129048,17937,0,0,255,255,0,255,255,0,0,0,255,255,0,255,255,0
1,5,31,278903.5337789,17958,0,0,255,255,0,0,255,255,0,0,255,255,0,0,255,255
1,5,32,278903.5546738,17980,255,0,0,255,255,255,0,0,255,0,0,255,255,255,0,0
1,5,33,278903.5754709,18001,255,255,0,0,255,255,255,0,255,255,0,0,255,255,255,0
1,5,34,278903.596214,18022,255,255,255,0,0,0,255,255,255,255,255,0,0,0,255,255
1,5,35,278903.6172503,18044,0,255,255,255,0,0,0,255,0,255,255,255,0,0,0,255
1,5,36,278903.6378486,18065,0,0,0,255,255,255,0,0,0,0,0,255,255,255,0,0
1,5,37,278903.6586723,18086,0,0,0,0,255,255,255,255,0,0,0,0,255,255,255,255
1,5,38,278903.6795193,18107,255,255,0,0,0,0,0,255,255,255,0,0,0,0,0,255
1,5,39,278903.7004216,18129,255,255,255,255,0,0,0,0,255,255,255,255,0,0,0,0
1,5,40,278903.7213747,18150,255,255,255,255,255,255,255,255,255,255,255,255,255,255,255,255
1,5,41,278903.7418822,18171,0,0,0,0,255,255,255,255,0,0,0,0,255,255,255,255
1,5,42,278903.7627908,18193,0,0,0,0,0,0,0,0,0,0,0,0,0,0,0,0
1,5,43,278903.7836239,18214,0,0,0,0,0,0,0,0,0,0,0,0,0,0,0,0
1,5,44,278903.804462,18235,255,255,255,255,255,255,255,255,255,255,255,255,255,255,255,255
1,5,45,278903.8253228,18257,255,255,255,255,255,0,0,0,255,255,255,255,255,0,0,0
1,5,46,278903.8461199,18278,255,0,0,0,0,0,0,0,255,0,0,0,0,0,0,0
1,5,47,278903.8668435,18299,0,0,0,0,0,255,255,255,0,0,0,0,0,255,255,255
1,5,48,278903.8878047,18321,0,0,255,255,255,255,255,0,0,0,255,255,255,255,255,0
1,5,49,278903.9086738,18342,0,255,255,255,255,0,0,0,0,255,255,255,255,0,0,0
1,5,50,278903.9294176,18363,255,255,255,0,0,0,255,255,255,255,255,0,0,0,255,255
1,5,51,278903.9503767,18385,255,255,0,0,0,255,255,255,255,255,0,0,0,255,255,255
1,5,52,278903.9710986,18406,255,0,0,255,255,255,0,0,255,0,0,255,255,255,0,0
1,5,53,278903.9920797,18428,0,0,255,255,255,0,0,255,0,0,255,255,255,0,0,255
1,5,54,278904.0126481,18449,0,255,255,0,0,0,255,255,0,255,255,0,0,0,255,255
1,5,55,278904.0336168,18470,0,255,255,0,0,255,255,0,0,255,255,0,0,255,255,0
1,5,56,278904.0546256,18492,255,255,0,0,255,0,0,255,255,255,0,0,255,0,0,255
1,5,57,278904.0751652,18513,255,0,0,255,255,0,255,255,255,0,0,255,255,0,255,255
1,5,58,278904.0960713,18534,255,0,255,255,0,255,255,0,255,0,255,255,0,255,255,0
1,5,59,278904.1169688,18555,0,0,255,0,0,255,0,0,0,0,255,0,0,255,0,0
1,5,60,278904.1377267,18577,0,255,0,0,255,0,0,255,0,255,0,0,255,0,0,255
1,5,61,278904.1586149,18598,0,255,0,255,255,0,255,0,0,255,0,255,255,0,255,0
1,5,62,278904.1793894,18619,255,0,0,255,0,255,0,0,255,0,0,255,0,255,0,0
1,5,63,278904.2001266,18641,255,0,255,0,0,255,0,255,255,0,255,0,0,255,0,255
1,5,64,278904.2209104,18662,255,0,255,0,255,0,255,0,255,0,255,0,255,0,255,0
1,5,65,278904.241783,18683,0,255,0,255,255,0,255,0,0,255,0,255,255,0,255,0
1,5,66,278904.2626073,18705,0,255,0,255,0,255,0,255,0,255,0,255,0,255,0,255
1,5,67,278904.2837195,18726,0,255,0,255,0,255,0,255,0,255,0,255,0,255,0,255
1,5,68,278904.304328,18747,255,0,255,0,255,0,255,0,255,0,255,0,255,0,255,0
1,5,69,278904.3250839,18769,255,0,255,0,255,255,0,255,255,0,255,0,255,255,0,255
1,5,70,278904.3461265,18790,255,255,0,255,0,255,0,255,255,255,0,255,0,255,0,255
1,5,71,278904.3667848,18811,0,255,0,255,0,0,255,0,0,255,0,255,0,0,255,0
1,5,72,278904.3877001,18833,0,255,255,0,255,0,255,255,0,255,255,0,255,0,255,255
1,5,73,278904.4085747,18854,0,0,255,0,255,255,0,255,0,0,255,0,255,255,0,255
1,5,74,278904.4293575,18875,255,0,255,255,0,255,255,0,255,0,255,255,0,255,255,0
1,5,75,278904.4500732,18897,255,0,0,255,0,0,255,0,255,0,0,255,0,0,255,0
1,5,76,278904.4708965,18918,255,255,0,0,255,0,0,255,255,255,0,0,255,0,0,255
1,5,77,278904.4920723,18940,0,255,255,0,255,255,0,0,0,255,255,0,255,255,0,0
1,5,78,278904.5126313,18961,0,0,255,255,0,255,255,0,0,0,255,255,0,255,255,0
1,5,79,278904.5335405,18982,0,0,255,255,0,0,255,255,0,0,255,255,0,0,255,255
1,5,80,278904.5544062,19003,255,0,0,255,255,255,0,0,255,0,0,255,255,255,0,0
1,5,81,278904.5750599,19025,255,255,0,0,255,255,255,0,255,255,0,0,255,255,255,0
1,5,82,278904.5959865,19046,255,255,255,0,0,0,255,255,255,255,255,0,0,0,255,255
1,5,83,278904.6169811,19067,0,255,255,255,0,0,0,255,0,255,255,255,0,0,0,255
1,5,84,278904.6375323,19088,0,0,0,255,255,255,0,0,0,0,0,255,255,255,0,0
1,5,85,278904.6583069,19110,0,0,0,0,255,255,255,255,0,0,0,0,255,255,255,255
1,5,86,278904.6792172,19131,255,255,0,0,0,0,0,255,255,255,0,0,0,0,0,255
1,5,87,278904.6999986,19152,255,255,255,255,0,0,0,0,255,255,255,255,0,0,0,0
1,5,88,278904.720927,19174,255,255,255,255,255,255,255,255,255,255,255,255,255,255,255,255
1,5,89,278904.7418777,19195,0,0,0,0,255,255,255,255,0,0,0,0,255,255,255,255
1,5,90,278904.7625473,19216,0,0,0,0,0,0,0,0,0,0,0,0,0,0,0,0
1,5,91,278904.783326,19238,0,0,0,0,0,0,0,0,0,0,0,0,0,0,0,0
1,5,92,278904.8043057,19259,255,255,255,255,255,255,255,255,255,255,255,255,255,255,255,255
1,5,93,278904.8249289,19280,255,255,255,255,255,0,0,0,255,255,255,255,255,0,0,0
1,5,94,278904.8459943,19302,255,0,0,0,0,0,0,0,255,0,0,0,0,0,0,0
1,5,95,278904.8666523,19323,0,0,0,0,0,255,255,255,0,0,0,0,0,255,255,255
1,5,96,278904.8876493,19345,0,0,255,255,255,255,255,0,0,0,255,255,255,255,255,0
1,5,97,278904.9083328,19366,0,255,255,255,255,0,0,0,0,255,255,255,255,0,0,0
1,5,98,278904.9291503,19387,255,255,255,0,0,0,255,255,255,255,255,0,0,0,255,255
1,5,99,278904.9499343,19408,255,255,0,0,0,255,255,255,255,255,0,0,0,255,255,255
1,5,100,278904.9711195,19430,255,0,0,255,255,255,0,0,255,0,0,255,255,255,0,0
1,5,101,278904.9916624,19451,0,0,255,255,255,0,0,255,0,0,255,255,255,0,0,255
1,5,102,278905.0125244,19472,0,255,255,0,0,0,255,255,0,255,255,0,0,0,255,255
1,5,103,278905.0332481,19494,0,255,255,0,0,255,255,0,0,255,255,0,0,255,255,0
1,5,104,278905.0542133,19515,255,255,0,0,255,0,0,255,255,255,0,0,255,0,0,255
1,5,105,278905.0749557,19536,255,0,0,255,255,0,255,255,255,0,0,255,255,0,255,255
1,5,106,278905.0958346,19558,255,0,255,255,0,255,255,0,255,0,255,255,0,255,255,0
1,5,107,278905.1165275,19579,0,0,255,0,0,255,0,0,0,0,255,0,0,255,0,0
1,5,108,278905.1373678,19600,0,255,0,0,255,0,0,255,0,255,0,0,255,0,0,255
1,5,109,278905.1583515,19622,0,255,0,255,255,0,255,0,0,255,0,255,255,0,255,0
1,5,110,278905.1789847,19643,255,0,0,255,0,255,0,0,255,0,0,255,0,255,0,0
1,5,111,278905.2000186,19664,255,0,255,0,0,255,0,255,255,0,255,0,0,255,0,255
1,5,112,278905.2206696,19686,255,0,255,0,255,0,255,0,255,0,255,0,255,0,255,0
1,5,113,278905.2414286,19707,0,255,0,255,255,0,255,0,0,255,0,255,255,0,255,0
1,5,114,278905.2622573,19728,0,255,0,255,0,255,0,255,0,255,0,255,0,255,0,255
1,5,115,278905.283158,19750,0,255,0,255,0,255,0,255,0,255,0,255,0,255,0,255
1,5,116,278905.3040506,19771,255,0,255,0,255,0,255,0,255,0,255,0,255,0,255,0
1,5,117,278905.324905,19792,255,0,255,0,255,255,0,255,255,0,255,0,255,255,0,255
1,5,118,278905.345798,19814,255,255,0,255,0,255,0,255,255,255,0,255,0,255,0,255
1,5,119,278905.3662512,19835,0,255,0,255,0,0,255,0,0,255,0,255,0,0,255,0
1,5,120,278905.387331,19856,0,255,255,0,255,0,255,255,0,255,255,0,255,0,255,255
1,5,121,278905.4082511,19878,0,0,255,0,255,255,0,255,0,0,255,0,255,255,0,255
1,5,122,278905.4292203,19899,255,0,255,255,0,255,255,0,255,0,255,255,0,255,255,0
1,5,123,278905.4498208,19920,255,0,0,255,0,0,255,0,255,0,0,255,0,0,255,0
1,5,124,278905.470696,19942,255,255,0,0,255,0,0,255,255,255,0,0,255,0,0,255
1,5,125,278905.4913838,19963,0,255,255,0,255,255,0,0,0,255,255,0,255,255,0,0
1,5,126,278905.5121978,19984,0,0,255,255,0,255,255,0,0,0,255,255,0,255,255,0
1,5,127,278905.5329476,20005,0,0,255,255,0,0,255,255,0,0,255,255,0,0,255,255
1,5,128,278905.5539899,20027,255,0,0,255,255,255,0,0,255,0,0,255,255,255,0,0
1,5,129,278905.5747311,20048,255,255,0,0,255,255,255,0,255,255,0,0,255,255,255,0
1,5,130,278905.5956076,20070,255,255,255,0,0,0,255,255,255,255,255,0,0,0,255,255
1,5,131,278905.6163679,20091,0,255,255,255,0,0,0,255,0,255,255,255,0,0,0,255
1,5,132,278905.6372305,20112,0,0,0,255,255,255,0,0,0,0,0,255,255,255,0,0
1,5,133,278905.658082,20134,0,0,0,0,255,255,255,255,0,0,0,0,255,255,255,255
1,5,134,278905.6788332,20155,255,255,0,0,0,0,0,255,255,255,0,0,0,0,0,255
1,5,135,278905.699734,20176,255,255,255,255,0,0,0,0,255,255,255,255,0,0,0,0
1,5,136,278905.7204095,20197,255,255,255,255,255,255,255,255,255,255,255,255,255,255,255,255
1,5,137,278905.7413258,20219,0,0,0,0,255,255,255,255,0,0,0,0,255,255,255,255
1,5,138,278905.7620571,20240,0,0,0,0,0,0,0,0,0,0,0,0,0,0,0,0
1,5,139,278905.7829776,20261,0,0,0,0,0,0,0,0,0,0,0,0,0,0,0,0
1,5,140,278905.8040349,20283,255,255,255,255,255,255,255,255,255,255,255,255,255,255,255,255
1,5,141,278905.8247012,20304,255,255,255,255,255,0,0,0,255,255,255,255,255,0,0,0
1,5,142,278905.8454288,20325,255,0,0,0,0,0,0,0,255,0,0,0,0,0,0,0
1,5,143,278905.8662481,20347,0,0,0,0,0,255,255,255,0,0,0,0,0,255,255,255
1,5,144,278905.8871074,20368,0,0,255,255,255,255,255,0,0,0,255,255,255,255,255,0
1,6,1,278906.9031121,21408,128,255,255,255,255,0,0,0,128,255,255,255,255,0,0,0
1,6,2,278906.9069765,21412,255,255,255,0,0,0,255,255,255,255,255,0,0,0,255,255
1,6,3,278906.9280388,21434,255,255,0,0,0,255,255,255,255,255,0,0,0,255,255,255
1,6,4,278906.94888,21455,255,0,0,255,255,255,0,0,255,0,0,255,255,255,0,0
1,6,5,278906.9701341,21477,0,0,255,255,255,0,0,255,0,0,255,255,255,0,0,255
1,6,6,278906.9910658,21498,0,255,255,0,0,0,255,255,0,255,255,0,0,0,255,255
1,6,7,278907.0117604,21520,0,255,255,0,0,255,255,0,0,255,255,0,0,255,255,0
1,6,8,278907.0327399,21541,255,255,0,0,255,0,0,255,255,255,0,0,255,0,0,255
1,6,9,278907.0534773,21562,255,0,0,255,255,0,255,255,255,0,0,255,255,0,255,255
1,6,10,278907.074213,21584,255,0,255,255,0,255,255,0,255,0,255,255,0,255,255,0
1,6,11,278907.0950161,21605,0,0,255,0,0,255,0,0,0,0,255,0,0,255,0,0
1,6,12,278907.1159886,21626,0,255,0,0,255,0,0,255,0,255,0,0,255,0,0,255
1,6,13,278907.1367843,21648,0,255,0,255,255,0,255,0,0,255,0,255,255,0,255,0
1,6,14,278907.1577416,21669,255,0,0,255,0,255,0,0,255,0,0,255,0,255,0,0
1,6,15,278907.1784971,21690,255,0,255,0,0,255,0,255,255,0,255,0,0,255,0,255
1,6,16,278907.199088,21712,255,0,255,0,255,0,255,0,255,0,255,0,255,0,255,0
1,6,17,278907.2200251,21733,0,255,0,255,255,0,255,0,0,255,0,255,255,0,255,0
1,6,18,278907.2410044,21754,0,255,0,255,0,255,0,255,0,255,0,255,0,255,0,255
1,6,19,278907.2616391,21776,0,255,0,255,0,255,0,255,0,255,0,255,0,255,0,255
1,6,20,278907.2824426,21797,255,0,255,0,255,0,255,0,255,0,255,0,255,0,255,0
1,6,21,278907.3033262,21818,255,0,255,0,255,255,0,255,255,0,255,0,255,255,0,255
1,6,22,278907.3242557,21840,255,255,0,255,0,255,0,255,255,255,0,255,0,255,0,255
1,6,23,278907.3450199,21861,0,255,0,255,0,0,255,0,0,255,0,255,0,0,255,0
1,6,24,278907.365999,21882,0,255,255,0,255,0,255,255,0,255,255,0,255,0,255,255
1,6,25,278907.3866162,21904,0,0,255,0,255,255,0,255,0,0,255,0,255,255,0,255
1,6,26,278907.4074715,21925,255,0,255,255,0,255,255,0,255,0,255,255,0,255,255,0
1,6,27,278907.4283409,21946,255,0,0,255,0,0,255,0,255,0,0,255,0,0,255,0
1,6,28,278907.4491484,21968,255,255,0,0,255,0,0,255,255,255,0,0,255,0,0,255
1,6,29,278907.4699575,21989,0,255,255,0,255,255,0,0,0,255,255,0,255,255,0,0
1,6,30,278907.4907918,22010,0,0,255,255,0,255,255,0,0,0,255,255,0,255,255,0
1,6,31,278907.5116322,22032,0,0,255,255,0,0,255,255,0,0,255,255,0,0,255,255
1,6,32,278907.5323651,22053,255,0,0,255,255,255,0,0,255,0,0,255,255,255,0,0
1,6,33,278907.553381,22074,255,255,0,0,255,255,255,0,255,255,0,0,255,255,255,0
1,6,34,278907.5741239,22096,255,255,255,0,0,0,255,255,255,255,255,0,0,0,255,255
1,6,35,278907.5949956,22117,0,255,255,255,0,0,0,255,0,255,255,255,0,0,0,255
1,6,36,278907.6159195,22138,0,0,0,255,255,255,0,0,0,0,0,255,255,255,0,0
1,6,37,278907.6365361,22159,0,0,0,0,255,255,255,255,0,0,0,0,255,255,255,255
1,6,38,278907.657535,22181,255,255,0,0,0,0,0,255,255,255,0,0,0,0,0,255
1,6,39,278907.6782034,22202,255,255,255,255,0,0,0,0,255,255,255,255,0,0,0,0
1,6,40,278907.6990102,22223,255,255,255,255,255,255,255,255,255,255,255,255,255,255,255,255
1,6,41,278907.7197761,22245,0,0,0,0,255,255,255,255,0,0,0,0,255,255,255,255
1,6,42,278907.7406827,22266,0,0,0,0,0,0,0,0,0,0,0,0,0,0,0,0
1,6,43,278907.7614866,22287,0,0,0,0,0,0,0,0,0,0,0,0,0,0,0,0
1,6,44,278907.7822844,22309,255,255,255,255,255,255,255,255,255,255,255,255,255,255,255,255
1,6,45,278907.8031971,22330,255,255,255,255,255,0,0,0,255,255,255,255,255,0,0,0
1,6,46,278907.824147,22352,255,0,0,0,0,0,0,0,255,0,0,0,0,0,0,0
1,6,47,278907.8447358,22373,0,0,0,0,0,255,255,255,0,0,0,0,0,255,255,255
1,6,48,278907.8658734,22394,0,0,255,255,255,255,255,0,0,0,255,255,255,255,255,0
1,6,49,278907.886448,22415,0,255,255,255,255,0,0,0,0,255,255,255,255,0,0,0
1,6,50,278907.9072423,22437,255,255,255,0,0,0,255,255,255,255,255,0,0,0,255,255
1,6,51,278907.9281496,22458,255,255,0,0,0,255,255,255,255,255,0,0,0,255,255,255
1,6,52,278907.9491263,22480,255,0,0,255,255,255,0,0,255,0,0,255,255,255,0,0
1,6,53,278907.9696464,22501,0,0,255,255,255,0,0,255,0,0,255,255,255,0,0,255
1,6,54,278907.9904992,22522,0,255,255,0,0,0,255,255,0,255,255,0,0,0,255,255
1,6,55,278908.0115152,22543,0,255,255,0,0,255,255,0,0,255,255,0,0,255,255,0
1,6,56,278908.0321829,22565,255,255,0,0,255,0,0,255,255,255,0,0,255,0,0,255
1,6,57,278908.053185,22586,255,0,0,255,255,0,255,255,255,0,0,255,255,0,255,255
1,6,58,278908.073894,22607,255,0,255,255,0,255,255,0,255,0,255,255,0,255,255,0
1,6,59,278908.094754,22629,0,0,255,0,0,255,0,0,0,0,255,0,0,255,0,0
1,6,60,278908.1155926,22650,0,255,0,0,255,0,0,255,0,255,0,0,255,0,0,255
1,6,61,278908.1365814,22672,0,255,0,255,255,0,255,0,0,255,0,255,255,0,255,0
1,6,62,278908.1572231,22693,255,0,0,255,0,255,0,0,255,0,0,255,0,255,0,0
1,6,63,278908.1780848,22714,255,0,255,0,0,255,0,255,255,0,255,0,0,255,0,255
1,6,64,278908.1988559,22735,255,0,255,0,255,0,255,0,255,0,255,0,255,0,255,0
1,6,65,278908.2198179,22757,0,255,0,255,255,0,255,0,0,255,0,255,255,0,255,0
1,6,66,278908.2404994,22778,0,255,0,255,0,255,0,255,0,255,0,255,0,255,0,255
1,6,67,278908.2615115,22799,0,255,0,255,0,255,0,255,0,255,0,255,0,255,0,255
1,6,68,278908.2821641,22821,255,0,255,0,255,0,255,0,255,0,255,0,255,0,255,0
1,6,69,278908.3030297,22842,255,0,255,0,255,255,0,255,255,0,255,0,255,255,0,255
1,6,70,278908.323858,22863,255,255,0,255,0,255,0,255,255,255,0,255,0,255,0,255
1,6,71,278908.3447186,22885,0,255,0,255,0,0,255,0,0,255,0,255,0,0,255,0
1,6,72,278908.3656981,22906,0,255,255,0,255,0,255,255,0,255,255,0,255,0,255,255
1,6,73,278908.3862335,22927,0,0,255,0,255,255,0,255,0,0,255,0,255,255,0,255
1,6,74,278908.4073052,22949,255,0,255,255,0,255,255,0,255,0,255,255,0,255,255,0
1,6,75,278908.4279602,22970,255,0,0,255,0,0,255,0,255,0,0,255,0,0,255,0
1,6,76,278908.4487901,22991,255,255,0,0,255,0,0,255,255,255,0,0,255,0,0,255
1,6,77,278908.4696885,23013,0,255,255,0,255,255,0,0,0,255,255,0,255,255,0,0
1,6,78,278908.4903695,23034,0,0,255,255,0,255,255,0,0,0,255,255,0,255,255,0
1,6,79,278908.5112674,23055,0,0,255,255,0,0,255,255,0,0,255,255,0,0,255,255
1,6,80,278908.5320548,23076,255,0,0,255,255,255,0,0,255,0,0,255,255,255,0,0
1,6,81,278908.5529909,23098,255,255,0,0,255,255,255,0,255,255,0,0,255,255,255,0
1,6,82,278908.5737751,23119,255,255,255,0,0,0,255,255,255,255,255,0,0,0,255,255
1,6,83,278908.5943237,23140,0,255,255,255,0,0,0,255,0,255,255,255,0,0,0,255
1,6,84,278908.6155826,23162,0,0,0,255,255,255,0,0,0,0,0,255,255,255,0,0
1,6,85,278908.6361916,23183,0,0,0,0,255,255,255,255,0,0,0,0,255,255,255,255
1,6,86,278908.657102,23205,255,255,0,0,0,0,0,255,255,255,0,0,0,0,0,255
1,6,87,278908.6778808,23226,255,255,255,255,0,0,0,0,255,255,255,255,0,0,0,0
1,6,88,278908.6986139,23247,255,255,255,255,255,255,255,255,255,255,255,255,255,255,255,255
1,6,89,278908.7194984,23268,0,0,0,0,255,255,255,255,0,0,0,0,255,255,255,255
1,6,90,278908.7403369,23290,0,0,0,0,0,0,0,0,0,0,0,0,0,0,0,0
1,6,91,278908.761211,23311,0,0,0,0,0,0,0,0,0,0,0,0,0,0,0,0
1,6,92,278908.7819889,23332,255,255,255,255,255,255,255,255,255,255,255,255,255,255,255,255
1,6,93,278908.8028796,23354,255,255,255,255,255,0,0,0,255,255,255,255,255,0,0,0
1,6,94,278908.8236998,23375,255,0,0,0,0,0,0,0,255,0,0,0,0,0,0,0
1,6,95,278908.8445155,23396,0,0,0,0,0,255,255,255,0,0,0,0,0,255,255,255
1,6,96,278908.8653086,23418,0,0,255,255,255,255,255,0,0,0,255,255,255,255,255,0
1,6,97,278908.8861502,23439,0,255,255,255,255,0,0,0,0,255,255,255,255,0,0,0
1,6,98,278908.9068986,23460,255,255,255,0,0,0,255,255,255,255,255,0,0,0,255,255
1,6,99,278908.9278986,23482,255,255,0,0,0,255,255,255,255,255,0,0,0,255,255,255
1,6,100,278908.9486103,23503,255,0,0,255,255,255,0,0,255,0,0,255,255,255,0,0
1,6,101,278908.969417,23524,0,0,255,255,255,0,0,255,0,0,255,255,255,0,0,255
1,6,102,278908.9902652,23546,0,255,255,0,0,0,255,255,0,255,255,0,0,0,255,255
1,6,103,278909.0111597,23567,0,255,255,0,0,255,255,0,0,255,255,0,0,255,255,0
1,6,104,278909.0319388,23588,255,255,0,0,255,0,0,255,255,255,0,0,255,0,0,255
1,6,105,278909.0529691,23610,255,0,0,255,255,0,255,255,255,0,0,255,255,0,255,255
1,6,106,278909.0735728,23631,255,0,255,255,0,255,255,0,255,0,255,255,0,255,255,0
1,6,107,278909.094405,23652,0,0,255,0,0,255,0,0,0,0,255,0,0,255,0,0
1,6,108,278909.1153169,23674,0,255,0,0,255,0,0,255,0,255,0,0,255,0,0,255
1,6,109,278909.1363452,23695,0,255,0,255,255,0,255,0,0,255,0,255,255,0,255,0
1,6,110,278909.1569015,23716,255,0,0,255,0,255,0,0,255,0,0,255,0,255,0,0
1,6,111,278909.1778968,23738,255,0,255,0,0,255,0,255,255,0,255,0,0,255,0,255
1,6,112,278909.1986256,23759,255,0,255,0,255,0,255,0,255,0,255,0,255,0,255,0
1,6,113,278909.2193178,23780,0,255,0,255,255,0,255,0,0,255,0,255,255,0,255,0
1,6,114,278909.2403519,23802,0,255,0,255,0,255,0,255,0,255,0,255,0,255,0,255
1,6,115,278909.2608284,23823,0,255,0,255,0,255,0,255,0,255,0,255,0,255,0,255
1,6,116,278909.281838,23844,255,0,255,0,255,0,255,0,255,0,255,0,255,0,255,0
1,6,117,278909.3028016,23866,255,0,255,0,255,255,0,255,255,0,255,0,255,255,0,255
1,6,118,278909.3236009,23887,255,255,0,255,0,255,0,255,255,255,0,255,0,255,0,255
1,6,119,278909.3444065,23908,0,255,0,255,0,0,255,0,0,255,0,255,0,0,255,0
1,6,120,278909.3651414,23930,0,255,255,0,255,0,255,255,0,255,255,0,255,0,255,255
1,6,121,278909.3860383,23951,0,0,255,0,255,255,0,255,0,0,255,0,255,255,0,255
1,6,122,278909.4067581,23972,255,0,255,255,0,255,255,0,255,0,255,255,0,255,255,0
1,6,123,278909.4276543,23994,255,0,0,255,0,0,255,0,255,0,0,255,0,0,255,0
1,6,124,278909.4484249,24015,255,255,0,0,255,0,0,255,255,255,0,0,255,0,0,255
1,6,125,278909.4691857,24036,0,255,255,0,255,255,0,0,0,255,255,0,255,255,0,0
1,6,126,278909.4901459,24058,0,0,255,255,0,255,255,0,0,0,255,255,0,255,255,0
1,6,127,278909.510948,24079,0,0,255,255,0,0,255,255,0,0,255,255,0,0,255,255
1,6,128,278909.5317183,24100,255,0,0,255,255,255,0,0,255,0,0,255,255,255,0,0
1,6,129,278909.5525626,24121,255,255,0,0,255,255,255,0,255,255,0,0,255,255,255,0
1,6,130,278909.5735014,24143,255,255,255,0,0,0,255,255,255,255,255,0,0,0,255,255
1,6,131,278909.5942672,24164,0,255,255,255,0,0,0,255,0,255,255,255,0,0,0,255
1,6,132,278909.6151808,24186,0,0,0,255,255,255,0,0,0,0,0,255,255,255,0,0
1,6,133,278909.6360155,24207,0,0,0,0,255,255,255,255,0,0,0,0,255,255,255,255
1,6,134,278909.6568017,24228,255,255,0,0,0,0,0,255,255,255,0,0,0,0,0,255
1,6,135,278909.6774443,24249,255,255,255,255,0,0,0,0,255,255,255,255,0,0,0,0
1,6,136,278909.6981838,24271,255,255,255,255,255,255,255,255,255,255,255,255,255,255,255,255
1,6,137,278909.7192349,24292,0,0,0,0,255,255,255,255,0,0,0,0,255,255,255,255
1,6,138,278909.7400455,24313,0,0,0,0,0,0,0,0,0,0,0,0,0,0,0,0
1,6,139,278909.7614348,24335,0,0,0,0,0,0,0,0,0,0,0,0,0,0,0,0
1,6,140,278909.7817073,24356,255,255,255,255,255,255,255,255,255,255,255,255,255,255,255,255
1,6,141,278909.802516,24377,255,255,255,255,255,0,0,0,255,255,255,255,255,0,0,0
1,6,142,278909.8233866,24399,255,0,0,0,0,0,0,0,255,0,0,0,0,0,0,0
1,6,143,278909.8441854,24420,0,0,0,0,0,255,255,255,0,0,0,0,0,255,255,255
1,6,144,278909.8648895,24441,0,0,255,255,255,255,255,0,0,0,255,255,255,255,255,0
1,7,1,278910.8817981,25483,128,255,255,255,255,0,0,0,128,255,255,255,255,0,0,0
1,7,2,278910.8856425,25487,255,255,255,0,0,0,255,255,255,255,255,0,0,0,255,255
1,7,3,278910.9060344,25507,255,255,0,0,0,255,255,255,255,255,0,0,0,255,255,255
1,7,4,278910.9269631,25529,255,0,0,255,255,255,0,0,255,0,0,255,255,255,0,0
1,7,5,278910.9479628,25550,0,0,255,255,255,0,0,255,0,0,255,255,255,0,0,255
1,7,6,278910.9688138,25572,0,255,255,0,0,0,255,255,0,255,255,0,0,0,255,255
1,7,7,278910.9896033,25593,0,255,255,0,0,255,255,0,0,255,255,0,0,255,255,0
1,7,8,278911.0104006,25614,255,255,0,0,255,0,0,255,255,255,0,0,255,0,0,255
1,7,9,278911.0312776,25636,255,0,0,255,255,0,255,255,255,0,0,255,255,0,255,255
1,7,10,278911.0522177,25657,255,0,255,255,0,255,255,0,255,0,255,255,0,255,255,0
1,7,11,278911.073072,25678,0,0,255,0,0,255,0,0,0,0,255,0,0,255,0,0
1,7,12,278911.0938964,25700,0,255,0,0,255,0,0,255,0,255,0,0,255,0,0,255
1,7,13,278911.114519,25721,0,255,0,255,255,0,255,0,0,255,0,255,255,0,255,0
1,7,14,278911.1353014,25742,255,0,0,255,0,255,0,0,255,0,0,255,0,255,0,0
1,7,15,278911.1562228,25764,255,0,255,0,0,255,0,255,255,0,255,0,0,255,0,255
1,7,16,278911.1770559,25785,255,0,255,0,255,0,255,0,255,0,255,0,255,0,255,0
1,7,17,278911.197911,25806,0,255,0,255,255,0,255,0,0,255,0,255,255,0,255,0
1,7,18,278911.2188402,25828,0,255,0,255,0,255,0,255,0,255,0,255,0,255,0,255
1,7,19,278911.2394231,25849,0,255,0,255,0,255,0,255,0,255,0,255,0,255,0,255
1,7,20,278911.2604427,25870,255,0,255,0,255,0,255,0,255,0,255,0,255,0,255,0
1,7,21,278911.2809129,25891,255,0,255,0,255,255,0,255,255,0,255,0,255,255,0,255
1,7,22,278911.3020144,25913,255,255,0,255,0,255,0,255,255,255,0,255,0,255,0,255
1,7,23,278911.3227362,25934,0,255,0,255,0,0,255,0,0,255,0,255,0,0,255,0
1,7,24,278911.343783,25956,0,255,255,0,255,0,255,255,0,255,255,0,255,0,255,255
1,7,25,278911.3644077,25977,0,0,255,0,255,255,0,255,0,0,255,0,255,255,0,255
1,7,26,278911.3853668,25998,255,0,255,255,0,255,255,0,255,0,255,255,0,255,255,0
1,7,27,278911.4060774,26019,255,0,0,255,0,0,255,0,255,0,0,255,0,0,255,0
1,7,28,278911.426895,26041,255,255,0,0,255,0,0,255,255,255,0,0,255,0,0,255
1,7,29,278911.4478371,26062,0,255,255,0,255,255,0,0,0,255,255,0,255,255,0,0
1,7,30,278911.4686088,26083,0,0,255,255,0,255,255,0,0,0,255,255,0,255,255,0
1,7,31,278911.4895801,26105,0,0,255,255,0,0,255,255,0,0,255,255,0,0,255,255
1,7,32,278911.5102825,26126,255,0,0,255,255,255,0,0,255,0,0,255,255,255,0,0
1,7,33,278911.5311114,26147,255,255,0,0,255,255,255,0,255,255,0,0,255,255,255,0
1,7,34,278911.5516852,26169,255,255,255,0,0,0,255,255,255,255,255,0,0,0,255,255
1,7,35,278911.5725876,26190,0,255,255,255,0,0,0,255,0,255,255,255,0,0,0,255
1,7,36,278911.5936931,26212,0,0,0,255,255,255,0,0,0,0,0,255,255,255,0,0
1,7,37,278911.6144098,26233,0,0,0,0,255,255,255,255,0,0,0,0,255,255,255,255
1,7,38,278911.6352487,26254,255,255,0,0,0,0,0,255,255,255,0,0,0,0,0,255
1,7,39,278911.6560558,26275,255,255,255,255,0,0,0,0,255,255,255,255,0,0,0,0
1,7,40,278911.6768737,26297,255,255,255,255,255,255,255,255,255,255,255,255,255,255,255,255
1,7,41,278911.6976389,26318,0,0,0,0,255,255,255,255,0,0,0,0,255,255,255,255
1,7,42,278911.7186591,26340,0,0,0,0,0,0,0,0,0,0,0,0,0,0,0,0
1,7,43,278911.7394536,26361,0,0,0,0,0,0,0,0,0,0,0,0,0,0,0,0
1,7,44,278911.7602963,26382,255,255,255,255,255,255,255,255,255,255,255,255,255,255,255,255
1,7,45,278911.7811195,26404,255,255,255,255,255,0,0,0,255,255,255,255,255,0,0,0
1,7,46,278911.801848,26425,255,0,0,0,0,0,0,0,255,0,0,0,0,0,0,0
1,7,47,278911.8227185,26446,0,0,0,0,0,255,255,255,0,0,0,0,0,255,255,255
1,7,48,278911.843526,26467,0,0,255,255,255,255,255,0,0,0,255,255,255,255,255,0
1,7,49,278911.8641805,26489,0,255,255,255,255,0,0,0,0,255,255,255,255,0,0,0
1,7,50,278911.8852142,26510,255,255,255,0,0,0,255,255,255,255,255,0,0,0,255,255
1,7,51,278911.9058562,26531,255,255,0,0,0,255,255,255,255,255,0,0,0,255,255,255
1,7,52,278911.9267054,26553,255,0,0,255,255,255,0,0,255,0,0,255,255,255,0,0
1,7,53,278911.9476075,26574,0,0,255,255,255,0,0,255,0,0,255,255,255,0,0,255
1,7,54,278911.9684412,26595,0,255,255,0,0,0,255,255,0,255,255,0,0,0,255,255
1,7,55,278911.989305,26617,0,255,255,0,0,255,255,0,0,255,255,0,0,255,255,0
1,7,56,278912.0100264,26638,255,255,0,0,255,0,0,255,255,255,0,0,255,0,0,255
1,7,57,278912.0309394,26659,255,0,0,255,255,0,255,255,255,0,0,255,255,0,255,255
1,7,58,278912.0517314,26681,255,0,255,255,0,255,255,0,255,0,255,255,0,255,255,0
1,7,59,278912.0725612,26702,0,0,255,0,0,255,0,0,0,0,255,0,0,255,0,0
1,7,60,278912.0934366,26723,0,255,0,0,255,0,0,255,0,255,0,0,255,0,0,255
1,7,61,278912.1140958,26744,0,255,0,255,255,0,255,0,0,255,0,255,255,0,255,0
1,7,62,278912.1352007,26766,255,0,0,255,0,255,0,0,255,0,0,255,0,255,0,0
1,7,63,278912.1557619,26787,255,0,255,0,0,255,0,255,255,0,255,0,0,255,0,255
1,7,64,278912.1766721,26809,255,0,255,0,255,0,255,0,255,0,255,0,255,0,255,0
1,7,65,278912.1976334,26830,0,255,0,255,255,0,255,0,0,255,0,255,255,0,255,0
1,7,66,278912.2183529,26851,0,255,0,255,0,255,0,255,0,255,0,255,0,255,0,255
1,7,67,278912.2393269,26873,0,255,0,255,0,255,0,255,0,255,0,255,0,255,0,255
1,7,68,278912.2599388,26894,255,0,255,0,255,0,255,0,255,0,255,0,255,0,255,0
1,7,69,278912.2808366,26915,255,0,255,0,255,255,0,255,255,0,255,0,255,255,0,255
1,7,70,278912.3017725,26937,255,255,0,255,0,255,0,255,255,255,0,255,0,255,0,255
1,7,71,278912.3224251,26958,0,255,0,255,0,0,255,0,0,255,0,255,0,0,255,0
1,7,72,278912.3433534,26979,0,255,255,0,255,0,255,255,0,255,255,0,255,0,255,255
1,7,73,278912.364131,27001,0,0,255,0,255,255,0,255,0,0,255,0,255,255,0,255
1,7,74,278912.3850175,27022,255,0,255,255,0,255,255,0,255,0,255,255,0,255,255,0
1,7,75,278912.4057308,27043,255,0,0,255,0,0,255,0,255,0,0,255,0,0,255,0
1,7,76,278912.4266931,27065,255,255,0,0,255,0,0,255,255,255,0,0,255,0,0,255
1,7,77,278912.4474811,27086,0,255,255,0,255,255,0,0,0,255,255,0,255,255,0,0
1,7,78,278912.4682734,27107,0,0,255,255,0,255,255,0,0,0,255,255,0,255,255,0
1,7,79,278912.4891365,27129,0,0,255,255,0,0,255,255,0,0,255,255,0,0,255,255
1,7,80,278912.5099484,27150,255,0,0,255,255,255,0,0,255,0,0,255,255,255,0,0
1,7,81,278912.5306949,27171,255,255,0,0,255,255,255,0,255,255,0,0,255,255,255,0
1,7,82,278912.5516153,27192,255,255,255,0,0,0,255,255,255,255,255,0,0,0,255,255
1,7,83,278912.5724287,27214,0,255,255,255,0,0,0,255,0,255,255,255,0,0,0,255
1,7,84,278912.5932648,27235,0,0,0,255,255,255,0,0,0,0,0,255,255,255,0,0
1,7,85,278912.614208,27257,0,0,0,0,255,255,255,255,0,0,0,0,255,255,255,255
1,7,86,278912.6348877,27278,255,255,0,0,0,0,0,255,255,255,0,0,0,0,0,255
1,7,87,278912.6557243,27299,255,255,255,255,0,0,0,0,255,255,255,255,0,0,0,0
1,7,88,278912.6765692,27320,255,255,255,255,255,255,255,255,255,255,255,255,255,255,255,255
1,7,89,278912.6974011,27342,0,0,0,0,255,255,255,255,0,0,0,0,255,255,255,255
1,7,90,278912.7180664,27363,0,0,0,0,0,0,0,0,0,0,0,0,0,0,0,0
1,7,91,278912.7390801,27384,0,0,0,0,0,0,0,0,0,0,0,0,0,0,0,0
1,7,92,278912.7597995,27406,255,255,255,255,255,255,255,255,255,255,255,255,255,255,255,255
1,7,93,278912.7807413,27427,255,255,255,255,255,0,0,0,255,255,255,255,255,0,0,0
1,7,94,278912.8014438,27448,255,0,0,0,0,0,0,0,255,0,0,0,0,0,0,0
1,7,95,278912.8221048,27469,0,0,0,0,0,255,255,255,0,0,0,0,0,255,255,255
1,7,96,278912.8431822,27491,0,0,255,255,255,255,255,0,0,0,255,255,255,255,255,0
1,7,97,278912.8640336,27512,0,255,255,255,255,0,0,0,0,255,255,255,255,0,0,0
1,7,98,278912.8847991,27534,255,255,255,0,0,0,255,255,255,255,255,0,0,0,255,255
1,7,99,278912.9057353,27555,255,255,0,0,0,255,255,255,255,255,0,0,0,255,255,255
1,7,100,278912.9264152,27576,255,0,0,255,255,255,0,0,255,0,0,255,255,255,0,0
1,7,101,278912.9472194,27598,0,0,255,255,255,0,0,255,0,0,255,255,255,0,0,255
1,7,102,278912.9684713,27619,0,255,255,0,0,0,255,255,0,255,255,0,0,0,255,255
1,7,103,278912.9889647,27640,0,255,255,0,0,255,255,0,0,255,255,0,0,255,255,0
1,7,104,278913.0098611,27662,255,255,0,0,255,0,0,255,255,255,0,0,255,0,0,255
1,7,105,278913.0306088,27683,255,0,0,255,255,0,255,255,255,0,0,255,255,0,255,255
1,7,106,278913.0514642,27704,255,0,255,255,0,255,255,0,255,0,255,255,0,255,255,0
1,7,107,278913.0722266,27726,0,0,255,0,0,255,0,0,0,0,255,0,0,255,0,0
1,7,108,278913.093203,27747,0,255,0,0,255,0,0,255,0,255,0,0,255,0,0,255
1,7,109,278913.1140834,27768,0,255,0,255,255,0,255,0,0,255,0,255,255,0,255,0
1,7,110,278913.1347059,27790,255,0,0,255,0,255,0,0,255,0,0,255,0,255,0,0
1,7,111,278913.1557569,27811,255,0,255,0,0,255,0,255,255,0,255,0,0,255,0,255
1,7,112,278913.176391,27832,255,0,255,0,255,0,255,0,255,0,255,0,255,0,255,0
1,7,113,278913.1973849,27854,0,255,0,255,255,0,255,0,0,255,0,255,255,0,255,0
1,7,114,278913.2180583,27875,0,255,0,255,0,255,0,255,0,255,0,255,0,255,0,255
1,7,115,278913.2388048,27896,0,255,0,255,0,255,0,255,0,255,0,255,0,255,0,255
1,7,116,278913.2598143,27918,255,0,255,0,255,0,255,0,255,0,255,0,255,0,255,0
1,7,117,278913.2806655,27939,255,0,255,0,255,255,0,255,255,0,255,0,255,255,0,255
1,7,118,278913.3014605,27960,255,255,0,255,0,255,0,255,255,255,0,255,0,255,0,255
1,7,119,278913.3221715,27982,0,255,0,255,0,0,255,0,0,255,0,255,0,0,255,0
1,7,120,278913.3430422,28003,0,255,255,0,255,0,255,255,0,255,255,0,255,0,255,255
1,7,121,278913.3638058,28024,0,0,255,0,255,255,0,255,0,0,255,0,255,255,0,255
1,7,122,278913.3845942,28045,255,0,255,255,0,255,255,0,255,0,255,255,0,255,255,0
1,7,123,278913.4054416,28067,255,0,0,255,0,0,255,0,255,0,0,255,0,0,255,0
1,7,124,278913.426337,28088,255,255,0,0,255,0,0,255,255,255,0,0,255,0,0,255
1,7,125,278913.4472916,28110,0,255,255,0,255,255,0,0,0,255,255,0,255,255,0,0
1,7,126,278913.4680312,28131,0,0,255,255,0,255,255,0,0,0,255,255,0,255,255,0
1,7,127,278913.4886888,28152,0,0,255,255,0,0,255,255,0,0,255,255,0,0,255,255
1,7,128,278913.5095922,28173,255,0,0,255,255,255,0,0,255,0,0,255,255,255,0,0
1,7,129,278913.5304844,28195,255,255,0,0,255,255,255,0,255,255,0,0,255,255,255,0
1,7,130,278913.5514791,28216,255,255,255,0,0,0,255,255,255,255,255,0,0,0,255,255
1,7,131,278913.5720705,28237,0,255,255,255,0,0,0,255,0,255,255,255,0,0,0,255
1,7,132,278913.5929496,28259,0,0,0,255,255,255,0,0,0,0,0,255,255,255,0,0
1,7,133,278913.6137938,28280,0,0,0,0,255,255,255,255,0,0,0,0,255,255,255,255
1,7,134,278913.6344742,28301,255,255,0,0,0,0,0,255,255,255,0,0,0,0,0,255
1,7,135,278913.6556767,28323,255,255,255,255,0,0,0,0,255,255,255,255,0,0,0,0
1,7,136,278913.6765739,28344,255,255,255,255,255,255,255,255,255,255,255,255,255,255,255,255
1,7,137,278913.6970204,28365,0,0,0,0,255,255,255,255,0,0,0,0,255,255,255,255
1,7,138,278913.7178974,28387,0,0,0,0,0,0,0,0,0,0,0,0,0,0,0,0
1,7,139,278913.7386575,28408,0,0,0,0,0,0,0,0,0,0,0,0,0,0,0,0
1,7,140,278913.7596657,28430,255,255,255,255,255,255,255,255,255,255,255,255,255,255,255,255
1,7,141,278913.78026,28451,255,255,255,255,255,0,0,0,255,255,255,255,255,0,0,0
1,7,142,278913.8011347,28472,255,0,0,0,0,0,0,0,255,0,0,0,0,0,0,0
1,7,143,278913.8225473,28494,0,0,0,0,0,255,255,255,0,0,0,0,0,255,255,255
1,7,144,278913.8427579,28515,0,0,255,255,255,255,255,0,0,0,255,255,255,255,255,0
1,8,1,278914.8578835,29554,128,255,255,255,255,0,0,0,128,255,255,255,255,0,0,0
1,8,2,278914.8627635,29559,255,255,255,0,0,0,255,255,255,255,255,0,0,0,255,255
1,8,3,278914.8835977,29580,255,255,0,0,0,255,255,255,255,255,0,0,0,255,255,255
1,8,4,278914.9045731,29602,255,0,0,255,255,255,0,0,255,0,0,255,255,255,0,0
1,8,5,278914.9256629,29624,0,0,255,255,255,0,0,255,0,0,255,255,255,0,0,255
1,8,6,278914.9465506,29645,0,255,255,0,0,0,255,255,0,255,255,0,0,0,255,255
1,8,7,278914.9674904,29666,0,255,255,0,0,255,255,0,0,255,255,0,0,255,255,0
1,8,8,278914.9883884,29688,255,255,0,0,255,0,0,255,255,255,0,0,255,0,0,255
1,8,9,278915.0090967,29709,255,0,0,255,255,0,255,255,255,0,0,255,255,0,255,255
1,8,10,278915.0297999,29730,255,0,255,255,0,255,255,0,255,0,255,255,0,255,255,0
1,8,11,278915.0508741,29752,0,0,255,0,0,255,0,0,0,0,255,0,0,255,0,0
1,8,12,278915.0716488,29773,0,255,0,0,255,0,0,255,0,255,0,0,255,0,0,255
1,8,13,278915.0926615,29795,0,255,0,255,255,0,255,0,0,255,0,255,255,0,255,0
1,8,14,278915.1132143,29816,255,0,0,255,0,255,0,0,255,0,0,255,0,255,0,0
1,8,15,278915.1339766,29837,255,0,255,0,0,255,0,255,255,0,255,0,0,255,0,255
1,8,16,278915.1548767,29858,255,0,255,0,255,0,255,0,255,0,255,0,255,0,255,0
1,8,17,278915.1757587,29880,0,255,0,255,255,0,255,0,0,255,0,255,255,0,255,0
1,8,18,278915.1967241,29901,0,255,0,255,0,255,0,255,0,255,0,255,0,255,0,255
1,8,19,278915.2175135,29922,0,255,0,255,0,255,0,255,0,255,0,255,0,255,0,255
1,8,20,278915.2381528,29944,255,0,255,0,255,0,255,0,255,0,255,0,255,0,255,0
1,8,21,278915.2591094,29965,255,0,255,0,255,255,0,255,255,0,255,0,255,255,0,255
1,8,22,278915.2799801,29986,255,255,0,255,0,255,0,255,255,255,0,255,0,255,0,255
1,8,23,278915.3006841,30008,0,255,0,255,0,0,255,0,0,255,0,255,0,0,255,0
1,8,24,278915.3215516,30029,0,255,255,0,255,0,255,255,0,255,255,0,255,0,255,255
1,8,25,278915.3423243,30050,0,0,255,0,255,255,0,255,0,0,255,0,255,255,0,255
1,8,26,278915.3632401,30072,255,0,255,255,0,255,255,0,255,0,255,255,0,255,255,0
1,8,27,278915.383783,30093,255,0,0,255,0,0,255,0,255,0,0,255,0,0,255,0
1,8,28,278915.4047224,30114,255,255,0,0,255,0,0,255,255,255,0,0,255,0,0,255
1,8,29,278915.4257599,30136,0,255,255,0,255,255,0,0,0,255,255,0,255,255,0,0
1,8,30,278915.446541,30157,0,0,255,255,0,255,255,0,0,0,255,255,0,255,255,0
1,8,31,278915.4673399,30178,0,0,255,255,0,0,255,255,0,0,255,255,0,0,255,255
1,8,32,278915.488114,30199,255,0,0,255,255,255,0,0,255,0,0,255,255,255,0,0
1,8,33,278915.5089008,30221,255,255,0,0,255,255,255,0,255,255,0,0,255,255,255,0
1,8,34,278915.5296597,30242,255,255,255,0,0,0,255,255,255,255,255,0,0,0,255,255
1,8,35,278915.5506691,30264,0,255,255,255,0,0,0,255,0,255,255,255,0,0,0,255
1,8,36,278915.5714769,30285,0,0,0,255,255,255,0,0,0,0,0,255,255,255,0,0
1,8,37,278915.5922144,30306,0,0,0,0,255,255,255,255,0,0,0,0,255,255,255,255
1,8,38,278915.6130531,30327,255,255,0,0,0,0,0,255,255,255,0,0,0,0,0,255
1,8,39,278915.6338878,30349,255,255,255,255,0,0,0,0,255,255,255,255,0,0,0,0
1,8,40,278915.654746,30370,255,255,255,255,255,255,255,255,255,255,255,255,255,255,255,255
1,8,41,278915.6755394,30391,0,0,0,0,255,255,255,255,0,0,0,0,255,255,255,255
1,8,42,278915.6963356,30413,0,0,0,0,0,0,0,0,0,0,0,0,0,0,0,0
1,8,43,278915.7172201,30434,0,0,0,0,0,0,0,0,0,0,0,0,0,0,0,0
1,8,44,278915.7379208,30455,255,255,255,255,255,255,255,255,255,255,255,255,255,255,255,255
1,8,45,278915.7586453,30476,255,255,255,255,255,0,0,0,255,255,255,255,255,0,0,0
1,8,46,278915.779764,30498,255,0,0,0,0,0,0,0,255,0,0,0,0,0,0,0
1,8,47,278915.8004936,30519,0,0,0,0,0,255,255,255,0,0,0,0,0,255,255,255
1,8,48,278915.8214706,30541,0,0,255,255,255,255,255,0,0,0,255,255,255,255,255,0
1,8,49,278915.8421992,30562,0,255,255,255,255,0,0,0,0,255,255,255,255,0,0,0
1,8,50,278915.8628917,30583,255,255,255,0,0,0,255,255,255,255,255,0,0,0,255,255
1,8,51,278915.8836903,30605,255,255,0,0,0,255,255,255,255,255,0,0,0,255,255,255
1,8,52,278915.9046102,30626,255,0,0,255,255,255,0,0,255,0,0,255,255,255,0,0
1,8,53,278915.9255949,30647,0,0,255,255,255,0,0,255,0,0,255,255,255,0,0,255
1,8,54,278915.9461869,30669,0,255,255,0,0,0,255,255,0,255,255,0,0,0,255,255
1,8,55,278915.9671089,30690,0,255,255,0,0,255,255,0,0,255,255,0,0,255,255,0
1,8,56,278915.9879851,30711,255,255,0,0,255,0,0,255,255,255,0,0,255,0,0,255
1,8,57,278916.0086607,30733,255,0,0,255,255,0,255,255,255,0,0,255,255,0,255,255
1,8,58,278916.0295017,30754,255,0,255,255,0,255,255,0,255,0,255,255,0,255,255,0
1,8,59,278916.050435,30775,0,0,255,0,0,255,0,0,0,0,255,0,0,255,0,0
1,8,60,278916.0714192,30797,0,255,0,0,255,0,0,255,0,255,0,0,255,0,0,255
1,8,61,278916.0920368,30818,0,255,0,255,255,0,255,0,0,255,0,255,255,0,255,0
1,8,62,278916.1129009,30839,255,0,0,255,0,255,0,0,255,0,0,255,0,255,0,0
1,8,63,278916.1336504,30860,255,0,255,0,0,255,0,255,255,0,255,0,0,255,0,255
1,8,64,278916.1545627,30882,255,0,255,0,255,0,255,0,255,0,255,0,255,0,255,0
1,8,65,278916.1753724,30903,0,255,0,255,255,0,255,0,0,255,0,255,255,0,255,0
1,8,66,278916.1961455,30924,0,255,0,255,0,255,0,255,0,255,0,255,0,255,0,255
1,8,67,278916.2169905,30946,0,255,0,255,0,255,0,255,0,255,0,255,0,255,0,255
1,8,68,278916.2377889,30967,255,0,255,0,255,0,255,0,255,0,255,0,255,0,255,0
1,8,69,278916.2587778,30989,255,0,255,0,255,255,0,255,255,0,255,0,255,255,0,255
1,8,70,278916.279503,31010,255,255,0,255,0,255,0,255,255,255,0,255,0,255,0,255
1,8,71,278916.3002714,31031,0,255,0,255,0,0,255,0,0,255,0,255,0,0,255,0
1,8,72,278916.3209986,31052,0,255,255,0,255,0,255,255,0,255,255,0,255,0,255,255
1,8,73,278916.3417858,31074,0,0,255,0,255,255,0,255,0,0,255,0,255,255,0,255
1,8,74,278916.3628362,31095,255,0,255,255,0,255,255,0,255,0,255,255,0,255,255,0
1,8,75,278916.3841215,31117,255,0,0,255,0,0,255,0,255,0,0,255,0,0,255,0
1,8,76,278916.4042787,31138,255,255,0,0,255,0,0,255,255,255,0,0,255,0,0,255
1,8,77,278916.4250972,31159,0,255,255,0,255,255,0,0,0,255,255,0,255,255,0,0
1,8,78,278916.44634,31181,0,0,255,255,0,255,255,0,0,0,255,255,0,255,255,0
1,8,79,278916.4670605,31202,0,0,255,255,0,0,255,255,0,0,255,255,0,0,255,255
1,8,80,278916.4877136,31223,255,0,0,255,255,255,0,0,255,0,0,255,255,255,0,0
1,8,81,278916.5084741,31244,255,255,0,0,255,255,255,0,255,255,0,0,255,255,255,0
1,8,82,278916.5295716,31266,255,255,255,0,0,0,255,255,255,255,255,0,0,0,255,255
1,8,83,278916.5504219,31287,0,255,255,255,0,0,0,255,0,255,255,255,0,0,0,255
1,8,84,278916.5712392,31309,0,0,0,255,255,255,0,0,0,0,0,255,255,255,0,0
1,8,85,278916.591816,31330,0,0,0,0,255,255,255,255,0,0,0,0,255,255,255,255
1,8,86,278916.6128812,31351,255,255,0,0,0,0,0,255,255,255,0,0,0,0,0,255
1,8,87,278916.6334888,31372,255,255,255,255,0,0,0,0,255,255,255,255,0,0,0,0
1,8,88,278916.6543768,31394,255,255,255,255,255,255,255,255,255,255,255,255,255,255,255,255
1,8,89,278916.675191,31415,0,0,0,0,255,255,255,255,0,0,0,0,255,255,255,255
1,8,90,278916.6961162,31436,0,0,0,0,0,0,0,0,0,0,0,0,0,0,0,0
1,8,91,278916.7169743,31458,0,0,0,0,0,0,0,0,0,0,0,0,0,0,0,0
1,8,92,278916.7379022,31479,255,255,255,255,255,255,255,255,255,255,255,255,255,255,255,255
1,8,93,278916.7584697,31500,255,255,255,255,255,0,0,0,255,255,255,255,255,0,0,0
1,8,94,278916.7795297,31522,255,0,0,0,0,0,0,0,255,0,0,0,0,0,0,0
1,8,95,278916.8002272,31543,0,0,0,0,0,255,255,255,0,0,0,0,0,255,255,255
1,8,96,278916.8210117,31564,0,0,255,255,255,255,255,0,0,0,255,255,255,255,255,0
1,8,97,278916.8419778,31586,0,255,255,255,255,0,0,0,0,255,255,255,255,0,0,0
1,8,98,278916.8626823,31607,255,255,255,0,0,0,255,255,255,255,255,0,0,0,255,255
1,8,99,278916.8833661,31628,255,255,0,0,0,255,255,255,255,255,0,0,0,255,255,255
1,8,100,278916.904272,31650,255,0,0,255,255,255,0,0,255,0,0,255,255,255,0,0
1,8,101,278916.9251282,31671,0,0,255,255,255,0,0,255,0,0,255,255,255,0,0,255
1,8,102,278916.9458567,31692,0,255,255,0,0,0,255,255,0,255,255,0,0,0,255,255
1,8,103,278916.9666402,31713,0,255,255,0,0,255,255,0,0,255,255,0,0,255,255,0
1,8,104,278916.9875219,31735,255,255,0,0,255,0,0,255,255,255,0,0,255,0,0,255
1,8,105,278917.0085445,31756,255,0,0,255,255,0,255,255,255,0,0,255,255,0,255,255
1,8,106,278917.0293087,31778,255,0,255,255,0,255,255,0,255,0,255,255,0,255,255,0
1,8,107,278917.0501063,31799,0,0,255,0,0,255,0,0,0,0,255,0,0,255,0,0
1,8,108,278917.0709445,31820,0,255,0,0,255,0,0,255,0,255,0,0,255,0,0,255
1,8,109,278917.091735,31842,0,255,0,255,255,0,255,0,0,255,0,255,255,0,255,0
1,8,110,278917.1128265,31863,255,0,0,255,0,255,0,0,255,0,0,255,0,255,0,0
1,8,111,278917.1334075,31884,255,0,255,0,0,255,0,255,255,0,255,0,0,255,0,255
1,8,112,278917.1542702,31906,255,0,255,0,255,0,255,0,255,0,255,0,255,0,255,0
1,8,113,278917.1749822,31927,0,255,0,255,255,0,255,0,0,255,0,255,255,0,255,0
1,8,114,278917.1957698,31948,0,255,0,255,0,255,0,255,0,255,0,255,0,255,0,255
1,8,115,278917.2166638,31970,0,255,0,255,0,255,0,255,0,255,0,255,0,255,0,255
1,8,116,278917.2374819,31991,255,0,255,0,255,0,255,0,255,0,255,0,255,0,255,0
1,8,117,278917.2582875,32012,255,0,255,0,255,255,0,255,255,0,255,0,255,255,0,255
1,8,118,278917.2792404,32034,255,255,0,255,0,255,0,255,255,255,0,255,0,255,0,255
1,8,119,278917.3000661,32055,0,255,0,255,0,0,255,0,0,255,0,255,0,0,255,0
1,8,120,278917.3207297,32076,0,255,255,0,255,0,255,255,0,255,255,0,255,0,255,255
1,8,121,278917.3417758,32098,0,0,255,0,255,255,0,255,0,0,255,0,255,255,0,255
1,8,122,278917.36241,32119,255,0,255,255,0,255,255,0,255,0,255,255,0,255,255,0
1,8,123,278917.383317,32140,255,0,0,255,0,0,255,0,255,0,0,255,0,0,255,0
1,8,124,278917.4041385,32161,255,255,0,0,255,0,0,255,255,255,0,0,255,0,0,255
1,8,125,278917.4248832,32183,0,255,255,0,255,255,0,0,0,255,255,0,255,255,0,0
1,8,126,278917.4458389,32204,0,0,255,255,0,255,255,0,0,0,255,255,0,255,255,0
1,8,127,278917.4665834,32225,0,0,255,255,0,0,255,255,0,0,255,255,0,0,255,255
1,8,128,278917.4874416,32247,255,0,0,255,255,255,0,0,255,0,0,255,255,255,0,0
1,8,129,278917.5082729,32268,255,255,0,0,255,255,255,0,255,255,0,0,255,255,255,0
1,8,130,278917.5290671,32289,255,255,255,0,0,0,255,255,255,255,255,0,0,0,255,255
1,8,131,278917.5503438,32311,0,255,255,255,0,0,0,255,0,255,255,255,0,0,0,255
1,8,132,278917.5705693,32332,0,0,0,255,255,255,0,0,0,0,0,255,255,255,0,0
1,8,133,278917.5914869,32353,0,0,0,0,255,255,255,255,0,0,0,0,255,255,255,255
1,8,134,278917.6123716,32375,255,255,0,0,0,0,0,255,255,255,0,0,0,0,0,255
1,8,135,278917.6332042,32396,255,255,255,255,0,0,0,0,255,255,255,255,0,0,0,0
1,8,136,278917.6538496,32417,255,255,255,255,255,255,255,255,255,255,255,255,255,255,255,255
1,8,137,278917.6748359,32439,0,0,0,0,255,255,255,255,0,0,0,0,255,255,255,255
1,8,138,278917.6957234,32460,0,0,0,0,0,0,0,0,0,0,0,0,0,0,0,0
1,8,139,278917.7165879,32481,0,0,0,0,0,0,0,0,0,0,0,0,0,0,0,0
1,8,140,278917.7373324,32503,255,255,255,255,255,255,255,255,255,255,255,255,255,255,255,255
1,8,141,278917.7582521,32524,255,255,255,255,255,0,0,0,255,255,255,255,255,0,0,0
1,8,142,278917.7790284,32545,255,0,0,0,0,0,0,0,255,0,0,0,0,0,0,0
1,8,143,278917.8000323,32567,0,0,0,0,0,255,255,255,0,0,0,0,0,255,255,255
1,8,144,278917.8205897,32588,0,0,255,255,255,255,255,0,0,0,255,255,255,255,255,0
2,9,1,278918.8363006,33628,128,255,255,255,255,0,0,0,128,255,255,255,255,0,0,0
2,9,2,278918.8408232,33633,255,255,255,0,0,0,255,255,255,255,255,0,0,0,255,255
2,9,3,278918.8616811,33654,255,255,0,0,0,255,255,255,255,255,0,0,0,255,255,255
2,9,4,278918.8823249,33675,255,0,0,255,255,255,0,0,255,0,0,255,255,255,0,0
2,9,5,278918.9033442,33697,0,0,255,255,255,0,0,255,0,0,255,255,255,0,0,255
2,9,6,278918.9242896,33718,0,255,255,0,0,0,255,255,0,255,255,0,0,0,255,255
2,9,7,278918.9453223,33740,0,255,255,0,0,255,255,0,0,255,255,0,0,255,255,0
2,9,8,278918.966159,33761,255,255,0,0,255,0,0,255,255,255,0,0,255,0,0,255
2,9,9,278918.9868971,33782,255,0,0,255,255,0,255,255,255,0,0,255,255,0,255,255
2,9,10,278919.0077754,33804,255,0,255,255,0,255,255,0,255,0,255,255,0,255,255,0
2,9,11,278919.0287567,33825,0,0,255,0,0,255,0,0,0,0,255,0,0,255,0,0
2,9,12,278919.0493758,33846,0,255,0,0,255,0,0,255,0,255,0,0,255,0,0,255
2,9,13,278919.0701463,33867,0,255,0,255,255,0,255,0,0,255,0,255,255,0,255,0
2,9,14,278919.0910426,33889,255,0,0,255,0,255,0,0,255,0,0,255,0,255,0,0
2,9,15,278919.1117955,33910,255,0,255,0,0,255,0,255,255,0,255,0,0,255,0,255
2,9,16,278919.132678,33932,255,0,255,0,255,0,255,0,255,0,255,0,255,0,255,0
2,9,17,278919.1535527,33953,0,255,0,255,255,0,255,0,0,255,0,255,255,0,255,0
2,9,18,278919.1744935,33974,0,255,0,255,0,255,0,255,0,255,0,255,0,255,0,255
2,9,19,278919.1951468,33995,0,255,0,255,0,255,0,255,0,255,0,255,0,255,0,255
2,9,20,278919.2160604,34017,255,0,255,0,255,0,255,0,255,0,255,0,255,0,255,0
2,9,21,278919.2367288,34038,255,0,255,0,255,255,0,255,255,0,255,0,255,255,0,255
2,9,22,278919.257778,34060,255,255,0,255,0,255,0,255,255,255,0,255,0,255,0,255
2,9,23,278919.2784818,34081,0,255,0,255,0,0,255,0,0,255,0,255,0,0,255,0
2,9,24,278919.2993241,34102,0,255,255,0,255,0,255,255,0,255,255,0,255,0,255,255
2,9,25,278919.3199986,34123,0,0,255,0,255,255,0,255,0,0,255,0,255,255,0,255
2,9,26,278919.3408729,34145,255,0,255,255,0,255,255,0,255,0,255,255,0,255,255,0
2,9,27,278919.3616165,34166,255,0,0,255,0,0,255,0,255,0,0,255,0,0,255,0
2,9,28,278919.3826189,34187,255,255,0,0,255,0,0,255,255,255,0,0,255,0,0,255
2,9,29,278919.4036322,34209,0,255,255,0,255,255,0,0,0,255,255,0,255,255,0,0
2,9,30,278919.4243959,34230,0,0,255,255,0,255,255,0,0,0,255,255,0,255,255,0
2,9,31,278919.4450546,34251,0,0,255,255,0,0,255,255,0,0,255,255,0,0,255,255
2,9,32,278919.4659023,34273,255,0,0,255,255,255,0,0,255,0,0,255,255,255,0,0
2,9,33,278919.4866617,34294,255,255,0,0,255,255,255,0,255,255,0,0,255,255,255,0
2,9,34,278919.5075732,34315,255,255,255,0,0,0,255,255,255,255,255,0,0,0,255,255
2,9,35,278919.5284043,34337,0,255,255,255,0,0,0,255,0,255,255,255,0,0,0,255
2,9,36,278919.5494692,34358,0,0,0,255,255,255,0,0,0,0,0,255,255,255,0,0
2,9,37,278919.5700496,34379,0,0,0,0,255,255,255,255,0,0,0,0,255,255,255,255
2,9,38,278919.5908707,34401,255,255,0,0,0,0,0,255,255,255,0,0,0,0,0,255
2,9,39,278919.6116129,34422,255,255,255,255,0,0,0,0,255,255,255,255,0,0,0,0
2,9,40,278919.632389,34443,255,255,255,255,255,255,255,255,255,255,255,255,255,255,255,255
2,9,41,278919.6533352,34465,0,0,0,0,255,255,255,255,0,0,0,0,255,255,255,255
2,9,42,278919.6740299,34486,0,0,0,0,0,0,0,0,0,0,0,0,0,0,0,0
2,9,43,278919.6949768,34507,0,0,0,0,0,0,0,0,0,0,0,0,0,0,0,0
2,9,44,278919.7158655,34529,255,255,255,255,255,255,255,255,255,255,255,255,255,255,255,255
2,9,45,278919.736724,34550,255,255,255,255,255,0,0,0,255,255,255,255,255,0,0,0
2,9,46,278919.7576417,34571,255,0,0,0,0,0,0,0,255,0,0,0,0,0,0,0
2,9,47,278919.7783285,34593,0,0,0,0,0,255,255,255,0,0,0,0,0,255,255,255
2,9,48,278919.7992199,34614,0,0,255,255,255,255,255,0,0,0,255,255,255,255,255,0
2,9,49,278919.8197778,34635,0,255,255,255,255,0,0,0,0,255,255,255,255,0,0,0
2,9,50,278919.840656,34656,255,255,255,0,0,0,255,255,255,255,255,0,0,0,255,255
2,9,51,278919.8617072,34678,255,255,0,0,0,255,255,255,255,255,0,0,0,255,255,255
2,9,52,278919.8822747,34699,255,0,0,255,255,255,0,0,255,0,0,255,255,255,0,0
2,9,53,278919.9032481,34721,0,0,255,255,255,0,0,255,0,0,255,255,255,0,0,255
2,9,54,278919.9240861,34742,0,255,255,0,0,0,255,255,0,255,255,0,0,0,255,255
2,9,55,278919.9448108,34763,0,255,255,0,0,255,255,0,0,255,255,0,0,255,255,0
2,9,56,278919.9657247,34785,255,255,0,0,255,0,0,255,255,255,0,0,255,0,0,255
2,9,57,278919.986609,34806,255,0,0,255,255,0,255,255,255,0,0,255,255,0,255,255
2,9,58,278920.0074118,34827,255,0,255,255,0,255,255,0,255,0,255,255,0,255,255,0
2,9,59,278920.0284065,34849,0,0,255,0,0,255,0,0,0,0,255,0,0,255,0,0
2,9,60,278920.049092,34870,0,255,0,0,255,0,0,255,0,255,0,0,255,0,0,255
2,9,61,278920.0700834,34891,0,255,0,255,255,0,255,0,0,255,0,255,255,0,255,0
2,9,62,278920.0907186,34913,255,0,0,255,0,255,0,0,255,0,0,255,0,255,0,0
2,9,63,278920.111455,34934,255,0,255,0,0,255,0,255,255,0,255,0,0,255,0,255
2,9,64,278920.1323279,34955,255,0,255,0,255,0,255,0,255,0,255,0,255,0,255,0
2,9,65,278920.1531726,34976,0,255,0,255,255,0,255,0,0,255,0,255,255,0,255,0
2,9,66,278920.174109,34998,0,255,0,255,0,255,0,255,0,255,0,255,0,255,0,255
2,9,67,278920.1950926,35019,0,255,0,255,0,255,0,255,0,255,0,255,0,255,0,255
2,9,68,278920.2157915,35041,255,0,255,0,255,0,255,0,255,0,255,0,255,0,255,0
2,9,69,278920.2363985,35062,255,0,255,0,255,255,0,255,255,0,255,0,255,255,0,255
2,9,70,278920.2572927,35083,255,255,0,255,0,255,0,255,255,255,0,255,0,255,0,255
2,9,71,278920.2781619,35104,0,255,0,255,0,0,255,0,0,255,0,255,0,0,255,0
2,9,72,278920.2989524,35126,0,255,255,0,255,0,255,255,0,255,255,0,255,0,255,255
2,9,73,278920.3198904,35147,0,0,255,0,255,255,0,255,0,0,255,0,255,255,0,255
2,9,74,278920.3406304,35168,255,0,255,255,0,255,255,0,255,0,255,255,0,255,255,0
2,9,75,278920.3615755,35190,255,0,0,255,0,0,255,0,255,0,0,255,0,0,255,0
2,9,76,278920.3819782,35211,255,255,0,0,255,0,0,255,255,255,0,0,255,0,0,255
2,9,77,278920.4030658,35232,0,255,255,0,255,255,0,0,0,255,255,0,255,255,0,0
2,9,78,278920.4238927,35254,0,0,255,255,0,255,255,0,0,0,255,255,0,255,255,0
2,9,79,278920.4448199,35275,0,0,255,255,0,0,255,255,0,0,255,255,0,0,255,255
2,9,80,278920.4655924,35296,255,0,0,255,255,255,0,0,255,0,0,255,255,255,0,0
2,9,81,278920.4863372,35318,255,255,0,0,255,255,255,0,255,255,0,0,255,255,255,0
2,9,82,278920.5072931,35339,255,255,255,0,0,0,255,255,255,255,255,0,0,0,255,255
2,9,83,278920.5280104,35360,0,255,255,255,0,0,0,255,0,255,255,255,0,0,0,255
2,9,84,278920.5487682,35382,0,0,0,255,255,255,0,0,0,0,0,255,255,255,0,0
2,9,85,278920.5697639,35403,0,0,0,0,255,255,255,255,0,0,0,0,255,255,255,255
2,9,86,278920.5904673,35424,255,255,0,0,0,0,0,255,255,255,0,0,0,0,0,255
2,9,87,278920.6116342,35446,255,255,255,255,0,0,0,0,255,255,255,255,0,0,0,0
2,9,88,278920.6321274,35467,255,255,255,255,255,255,255,255,255,255,255,255,255,255,255,255
2,9,89,278920.6531411,35488,0,0,0,0,255,255,255,255,0,0,0,0,255,255,255,255
2,9,90,278920.6738076,35510,0,0,0,0,0,0,0,0,0,0,0,0,0,0,0,0
2,9,91,278920.6946527,35531,0,0,0,0,0,0,0,0,0,0,0,0,0,0,0,0
2,9,92,278920.7155245,35552,255,255,255,255,255,255,255,255,255,255,255,255,255,255,255,255
2,9,93,278920.7365135,35574,255,255,255,255,255,0,0,0,255,255,255,255,255,0,0,0
2,9,94,278920.7571995,35595,255,0,0,0,0,0,0,0,255,0,0,0,0,0,0,0
2,9,95,278920.7780229,35616,0,0,0,0,0,255,255,255,0,0,0,0,0,255,255,255
2,9,96,278920.79879,35638,0,0,255,255,255,255,255,0,0,0,255,255,255,255,255,0
2,9,97,278920.8196331,35659,0,255,255,255,255,0,0,0,0,255,255,255,255,0,0,0
2,9,98,278920.8404183,35680,255,255,255,0,0,0,255,255,255,255,255,0,0,0,255,255
2,9,99,278920.8612909,35702,255,255,0,0,0,255,255,255,255,255,0,0,0,255,255,255
2,9,100,278920.8822264,35723,255,0,0,255,255,255,0,0,255,0,0,255,255,255,0,0
2,9,101,278920.9029427,35744,0,0,255,255,255,0,0,255,0,0,255,255,255,0,0,255
2,9,102,278920.9238112,35766,0,255,255,0,0,0,255,255,0,255,255,0,0,0,255,255
2,9,103,278920.9445698,35787,0,255,255,0,0,255,255,0,0,255,255,0,0,255,255,0
2,9,104,278920.9654537,35808,255,255,0,0,255,0,0,255,255,255,0,0,255,0,0,255
2,9,105,278920.9860509,35829,255,0,0,255,255,0,255,255,255,0,0,255,255,0,255,255
2,9,106,278921.007207,35851,255,0,255,255,0,255,255,0,255,0,255,255,0,255,255,0
2,9,107,278921.0279543,35872,0,0,255,0,0,255,0,0,0,0,255,0,0,255,0,0
2,9,108,278921.0486517,35893,0,255,0,0,255,0,0,255,0,255,0,0,255,0,0,255
2,9,109,278921.0695094,35915,0,255,0,255,255,0,255,0,0,255,0,255,255,0,255,0
2,9,110,278921.0905558,35936,255,0,0,255,0,255,0,0,255,0,0,255,0,255,0,0
2,9,111,278921.1111063,35957,255,0,255,0,0,255,0,255,255,0,255,0,0,255,0,255
2,9,112,278921.1321043,35979,255,0,255,0,255,0,255,0,255,0,255,0,255,0,255,0
2,9,113,278921.1529089,36000,0,255,0,255,255,0,255,0,0,255,0,255,255,0,255,0
2,9,114,278921.1735986,36021,0,255,0,255,0,255,0,255,0,255,0,255,0,255,0,255
2,9,115,278921.1946503,36043,0,255,0,255,0,255,0,255,0,255,0,255,0,255,0,255
2,9,116,278921.215193,36064,255,0,255,0,255,0,255,0,255,0,255,0,255,0,255,0
2,9,117,278921.2362331,36086,255,0,255,0,255,255,0,255,255,0,255,0,255,255,0,255
2,9,118,278921.2569869,36107,255,255,0,255,0,255,0,255,255,255,0,255,0,255,0,255
2,9,119,278921.2779127,36128,0,255,0,255,0,0,255,0,0,255,0,255,0,0,255,0
2,9,120,278921.2985909,36149,0,255,255,0,255,0,255,255,0,255,255,0,255,0,255,255
2,9,121,278921.3195283,36171,0,0,255,0,255,255,0,255,0,0,255,0,255,255,0,255
2,9,122,278921.3402569,36192,255,0,255,255,0,255,255,0,255,0,255,255,0,255,255,0
2,9,123,278921.3611516,36213,255,0,0,255,0,0,255,0,255,0,0,255,0,0,255,0
2,9,124,278921.3818763,36235,255,255,0,0,255,0,0,255,255,255,0,0,255,0,0,255
2,9,125,278921.4027286,36256,0,255,255,0,255,255,0,0,0,255,255,0,255,255,0,0
2,9,126,278921.4235382,36277,0,0,255,255,0,255,255,0,0,0,255,255,0,255,255,0
2,9,127,278921.4444476,36299,0,0,255,255,0,0,255,255,0,0,255,255,0,0,255,255
2,9,128,278921.4651558,36320,255,0,0,255,255,255,0,0,255,0,0,255,255,255,0,0
2,9,129,278921.4859628,36341,255,255,0,0,255,255,255,0,255,255,0,0,255,255,255,0
2,9,130,278921.5068359,36363,255,255,255,0,0,0,255,255,255,255,255,0,0,0,255,255
2,9,131,278921.5277249,36384,0,255,255,255,0,0,0,255,0,255,255,255,0,0,0,255
2,9,132,278921.54854,36405,0,0,0,255,255,255,0,0,0,0,0,255,255,255,0,0
2,9,133,278921.5694011,36427,0,0,0,0,255,255,255,255,0,0,0,0,255,255,255,255
2,9,134,278921.5901267,36448,255,255,0,0,0,0,0,255,255,255,0,0,0,0,0,255
2,9,135,278921.6109766,36469,255,255,255,255,0,0,0,0,255,255,255,255,0,0,0,0
2,9,136,278921.6318273,36491,255,255,255,255,255,255,255,255,255,255,255,255,255,255,255,255
2,9,137,278921.6529883,36512,0,0,0,0,255,255,255,255,0,0,0,0,255,255,255,255
2,9,138,278921.6739149,36534,0,0,0,0,0,0,0,0,0,0,0,0,0,0,0,0
2,9,139,278921.6946098,36555,0,0,0,0,0,0,0,0,0,0,0,0,0,0,0,0
2,9,140,278921.7150063,36576,255,255,255,255,255,255,255,255,255,255,255,255,255,255,255,255
2,9,141,278921.7358248,36597,255,255,255,255,255,0,0,0,255,255,255,255,255,0,0,0
2,9,142,278921.7567836,36619,255,0,0,0,0,0,0,0,255,0,0,0,0,0,0,0
2,9,143,278921.7776804,36640,0,0,0,0,0,255,255,255,0,0,0,0,0,255,255,255
2,9,144,278921.7986274,36661,0,0,255,255,255,255,255,0,0,0,255,255,255,255,255,0
2,10,1,278922.8140118,37701,128,255,255,255,255,0,0,0,128,255,255,255,255,0,0,0
2,10,2,278922.8186903,37706,255,255,255,0,0,0,255,255,255,255,255,0,0,0,255,255
2,10,3,278922.8392324,37727,255,255,0,0,0,255,255,255,255,255,0,0,0,255,255,255
2,10,4,278922.8601619,37748,255,0,0,255,255,255,0,0,255,0,0,255,255,255,0,0
2,10,5,278922.8814933,37770,0,0,255,255,255,0,0,255,0,0,255,255,255,0,0,255
2,10,6,278922.9022758,37792,0,255,255,0,0,0,255,255,0,255,255,0,0,0,255,255
2,10,7,278922.9233031,37813,0,255,255,0,0,255,255,0,0,255,255,0,0,255,255,0
2,10,8,278922.9438721,37834,255,255,0,0,255,0,0,255,255,255,0,0,255,0,0,255
2,10,9,278922.964644,37855,255,0,0,255,255,0,255,255,255,0,0,255,255,0,255,255
2,10,10,278922.9855299,37877,255,0,255,255,0,255,255,0,255,0,255,255,0,255,255,0
2,10,11,278923.0063442,37898,0,0,255,0,0,255,0,0,0,0,255,0,0,255,0,0
2,10,12,278923.0272047,37919,0,255,0,0,255,0,0,255,0,255,0,0,255,0,0,255
2,10,13,278923.0480397,37941,0,255,0,255,255,0,255,0,0,255,0,255,255,0,255,0
2,10,14,278923.0688608,37962,255,0,0,255,0,255,0,0,255,0,0,255,0,255,0,0
2,10,15,278923.0897773,37984,255,0,255,0,0,255,0,255,255,0,255,0,0,255,0,255
2,10,16,278923.1104972,38005,255,0,255,0,255,0,255,0,255,0,255,0,255,0,255,0
2,10,17,278923.1314521,38026,0,255,0,255,255,0,255,0,0,255,0,255,255,0,255,0
2,10,18,278923.1522236,38048,0,255,0,255,0,255,0,255,0,255,0,255,0,255,0,255
2,10,19,278923.1729981,38069,0,255,0,255,0,255,0,255,0,255,0,255,0,255,0,255
2,10,20,278923.1940712,38090,255,0,255,0,255,0,255,0,255,0,255,0,255,0,255,0
2,10,21,278923.2146417,38111,255,0,255,0,255,255,0,255,255,0,255,0,255,255,0,255
2,10,22,278923.235547,38133,255,255,0,255,0,255,0,255,255,255,0,255,0,255,0,255
2,10,23,278923.2562952,38154,0,255,0,255,0,0,255,0,0,255,0,255,0,0,255,0
2,10,24,278923.2771425,38175,0,255,255,0,255,0,255,255,0,255,255,0,255,0,255,255
2,10,25,278923.297945,38197,0,0,255,0,255,255,0,255,0,0,255,0,255,255,0,255
2,10,26,278923.3189025,38218,255,0,255,255,0,255,255,0,255,0,255,255,0,255,255,0
2,10,27,278923.3396794,38239,255,0,0,255,0,0,255,0,255,0,0,255,0,0,255,0
2,10,28,278923.3604547,38261,255,255,0,0,255,0,0,255,255,255,0,0,255,0,0,255
2,10,29,278923.3814099,38282,0,255,255,0,255,255,0,0,0,255,255,0,255,255,0,0
2,10,30,278923.4021772,38303,0,0,255,255,0,255,255,0,0,0,255,255,0,255,255,0
2,10,31,278923.4229033,38325,0,0,255,255,0,0,255,255,0,0,255,255,0,0,255,255
2,10,32,278923.4440199,38346,255,0,0,255,255,255,0,0,255,0,0,255,255,255,0,0
2,10,33,278923.4645166,38367,255,255,0,0,255,255,255,0,255,255,0,0,255,255,255,0
2,10,34,278923.4853641,38389,255,255,255,0,0,0,255,255,255,255,255,0,0,0,255,255
2,10,35,278923.5064135,38410,0,255,255,255,0,0,0,255,0,255,255,255,0,0,0,255
2,10,36,278923.5269021,38431,0,0,0,255,255,255,0,0,0,0,0,255,255,255,0,0
2,10,37,278923.5479191,38453,0,0,0,0,255,255,255,255,0,0,0,0,255,255,255,255
2,10,38,278923.5685944,38474,255,255,0,0,0,0,0,255,255,255,0,0,0,0,0,255
2,10,39,278923.5894836,38495,255,255,255,255,0,0,0,0,255,255,255,255,0,0,0,0
2,10,40,278923.6102471,38517,255,255,255,255,255,255,255,255,255,255,255,255,255,255,255,255
2,10,41,278923.6311633,38538,0,0,0,0,255,255,255,255,0,0,0,0,255,255,255,255
2,10,42,278923.6520599,38559,0,0,0,0,0,0,0,0,0,0,0,0,0,0,0,0
2,10,43,278923.6730828,38581,0,0,0,0,0,0,0,0,0,0,0,0,0,0,0,0
2,10,44,278923.6936601,38602,255,255,255,255,255,255,255,255,255,255,255,255,255,255,255,255
2,10,45,278923.7146357,38623,255,255,255,255,255,0,0,0,255,255,255,255,255,0,0,0
2,10,46,278923.7354259,38645,255,0,0,0,0,0,0,0,255,0,0,0,0,0,0,0
2,10,47,278923.7561505,38666,0,0,0,0,0,255,255,255,0,0,0,0,0,255,255,255
2,10,48,278923.776828,38687,0,0,255,255,255,255,255,0,0,0,255,255,255,255,255,0
2,10,49,278923.7979447,38709,0,255,255,255,255,0,0,0,0,255,255,255,255,0,0,0
2,10,50,278923.8185597,38730,255,255,255,0,0,0,255,255,255,255,255,0,0,0,255,255
2,10,51,278923.8397194,38752,255,255,0,0,0,255,255,255,255,255,0,0,0,255,255,255
2,10,52,278923.8602093,38772,255,0,0,255,255,255,0,0,255,0,0,255,255,255,0,0
2,10,53,278923.8811417,38794,0,0,255,255,255,0,0,255,0,0,255,255,255,0,0,255
2,10,54,278923.9018969,38815,0,255,255,0,0,0,255,255,0,255,255,0,0,0,255,255
2,10,55,278923.9225355,38836,0,255,255,0,0,255,255,0,0,255,255,0,0,255,255,0
2,10,56,278923.9435583,38858,255,255,0,0,255,0,0,255,255,255,0,0,255,0,0,255
2,10,57,278923.9643998,38879,255,0,0,255,255,0,255,255,255,0,0,255,255,0,255,255
2,10,58,278923.9852313,38901,255,0,255,255,0,255,255,0,255,0,255,255,0,255,255,0
2,10,59,278924.0059474,38922,0,0,255,0,0,255,0,0,0,0,255,0,0,255,0,0
2,10,60,278924.0270607,38943,0,255,0,0,255,0,0,255,0,255,0,0,255,0,0,255
2,10,61,278924.0477171,38965,0,255,0,255,255,0,255,0,0,255,0,255,255,0,255,0
2,10,62,278924.0685553,38986,255,0,0,255,0,255,0,0,255,0,0,255,0,255,0,0
2,10,63,278924.0895025,39007,255,0,255,0,0,255,0,255,255,0,255,0,0,255,0,255
2,10,64,278924.1101862,39028,255,0,255,0,255,0,255,0,255,0,255,0,255,0,255,0
2,10,65,278924.1311381,39050,0,255,0,255,255,0,255,0,0,255,0,255,255,0,255,0
2,10,66,278924.1518446,39071,0,255,0,255,0,255,0,255,0,255,0,255,0,255,0,255
2,10,67,278924.1728534,39093,0,255,0,255,0,255,0,255,0,255,0,255,0,255,0,255
2,10,68,278924.1935053,39114,255,0,255,0,255,0,255,0,255,0,255,0,255,0,255,0
2,10,69,278924.2142962,39135,255,0,255,0,255,255,0,255,255,0,255,0,255,255,0,255
2,10,70,278924.2353376,39157,255,255,0,255,0,255,0,255,255,255,0,255,0,255,0,255
2,10,71,278924.2561137,39178,0,255,0,255,0,0,255,0,0,255,0,255,0,0,255,0
2,10,72,278924.2767411,39199,0,255,255,0,255,0,255,255,0,255,255,0,255,0,255,255
2,10,73,278924.2978174,39221,0,0,255,0,255,255,0,255,0,0,255,0,255,255,0,255
2,10,74,278924.318433,39242,255,0,255,255,0,255,255,0,255,0,255,255,0,255,255,0
2,10,75,278924.3394196,39263,255,0,0,255,0,0,255,0,255,0,0,255,0,0,255,0
2,10,76,278924.3600059,39284,255,255,0,0,255,0,0,255,255,255,0,0,255,0,0,255
2,10,77,278924.3808596,39306,0,255,255,0,255,255,0,0,0,255,255,0,255,255,0,0
2,10,78,278924.4016877,39327,0,0,255,255,0,255,255,0,0,0,255,255,0,255,255,0
2,10,79,278924.4227623,39349,0,0,255,255,0,0,255,255,0,0,255,255,0,0,255,255
2,10,80,278924.4434374,39370,255,0,0,255,255,255,0,0,255,0,0,255,255,255,0,0
2,10,81,278924.4642757,39391,255,255,0,0,255,255,255,0,255,255,0,0,255,255,255,0
2,10,82,278924.4850884,39412,255,255,255,0,0,0,255,255,255,255,255,0,0,0,255,255
2,10,83,278924.5058124,39434,0,255,255,255,0,0,0,255,0,255,255,255,0,0,0,255
2,10,84,278924.5269101,39455,0,0,0,255,255,255,0,0,0,0,0,255,255,255,0,0
2,10,85,278924.547541,39476,0,0,0,0,255,255,255,255,0,0,0,0,255,255,255,255
2,10,86,278924.5683902,39498,255,255,0,0,0,0,0,255,255,255,0,0,0,0,0,255
2,10,87,278924.5892819,39519,255,255,255,255,0,0,0,0,255,255,255,255,0,0,0,0
2,10,88,278924.6100769,39540,255,255,255,255,255,255,255,255,255,255,255,255,255,255,255,255
2,10,89,278924.6308537,39562,0,0,0,0,255,255,255,255,0,0,0,0,255,255,255,255
2,10,90,278924.6519329,39583,0,0,0,0,0,0,0,0,0,0,0,0,0,0,0,0
2,10,91,278924.6725325,39604,0,0,0,0,0,0,0,0,0,0,0,0,0,0,0,0
2,10,92,278924.693353,39626,255,255,255,255,255,255,255,255,255,255,255,255,255,255,255,255
2,10,93,278924.7144465,39647,255,255,255,255,255,0,0,0,255,255,255,255,255,0,0,0
2,10,94,278924.734985,39668,255,0,0,0,0,0,0,0,255,0,0,0,0,0,0,0
2,10,95,278924.7559218,39690,0,0,0,0,0,255,255,255,0,0,0,0,0,255,255,255
2,10,96,278924.7765361,39711,0,0,255,255,255,255,255,0,0,0,255,255,255,255,255,0
2,10,97,278924.7976233,39732,0,255,255,255,255,0,0,0,0,255,255,255,255,0,0,0
2,10,98,278924.8182753,39754,255,255,255,0,0,0,255,255,255,255,255,0,0,0,255,255
2,10,99,278924.8392679,39775,255,255,0,0,0,255,255,255,255,255,0,0,0,255,255,255
2,10,100,278924.8598859,39796,255,0,0,255,255,255,0,0,255,0,0,255,255,255,0,0
2,10,101,278924.8807903,39818,0,0,255,255,255,0,0,255,0,0,255,255,255,0,0,255
2,10,102,278924.9017435,39839,0,255,255,0,0,0,255,255,0,255,255,0,0,0,255,255
2,10,103,278924.9224813,39860,0,255,255,0,0,255,255,0,0,255,255,0,0,255,255,0
2,10,104,278924.9434537,39882,255,255,0,0,255,0,0,255,255,255,0,0,255,0,0,255
2,10,105,278924.9641754,39903,255,0,0,255,255,0,255,255,255,0,0,255,255,0,255,255
2,10,106,278924.984886,39924,255,0,255,255,0,255,255,0,255,0,255,255,0,255,255,0
2,10,107,278925.0058054,39946,0,0,255,0,0,255,0,0,0,0,255,0,0,255,0,0
2,10,108,278925.0265711,39967,0,255,0,0,255,0,0,255,0,255,0,0,255,0,0,255
2,10,109,278925.0474679,39988,0,255,0,255,255,0,255,0,0,255,0,255,255,0,255,0
2,10,110,278925.068145,40009,255,0,0,255,0,255,0,0,255,0,0,255,0,255,0,0
2,10,111,278925.0890437,40031,255,0,255,0,0,255,0,255,255,0,255,0,0,255,0,255
2,10,112,278925.1098252,40052,255,0,255,0,255,0,255,0,255,0,255,0,255,0,255,0
2,10,113,278925.1307256,40074,0,255,0,255,255,0,255,0,0,255,0,255,255,0,255,0
2,10,114,278925.1515107,40095,0,255,0,255,0,255,0,255,0,255,0,255,0,255,0,255
2,10,115,278925.1722991,40116,0,255,0,255,0,255,0,255,0,255,0,255,0,255,0,255
2,10,116,278925.1932065,40137,255,0,255,0,255,0,255,0,255,0,255,0,255,0,255,0
2,10,117,278925.2140045,40159,255,0,255,0,255,255,0,255,255,0,255,0,255,255,0,255
2,10,118,278925.2348433,40180,255,255,0,255,0,255,0,255,255,255,0,255,0,255,0,255
2,10,119,278925.2556962,40201,0,255,0,255,0,0,255,0,0,255,0,255,0,0,255,0
2,10,120,278925.2764398,40223,0,255,255,0,255,0,255,255,0,255,255,0,255,0,255,255
2,10,121,278925.2975084,40244,0,0,255,0,255,255,0,255,0,0,255,0,255,255,0,255
2,10,122,278925.3179624,40265,255,0,255,255,0,255,255,0,255,0,255,255,0,255,255,0
2,10,123,278925.338924,40287,255,0,0,255,0,0,255,0,255,0,0,255,0,0,255,0
2,10,124,278925.3596843,40308,255,255,0,0,255,0,0,255,255,255,0,0,255,0,0,255
2,10,125,278925.3805611,40329,0,255,255,0,255,255,0,0,0,255,255,0,255,255,0,0
2,10,126,278925.4024252,40352,0,0,255,255,0,255,255,0,0,0,255,255,0,255,255,0
2,10,127,278925.4221548,40372,0,0,255,255,0,0,255,255,0,0,255,255,0,0,255,255
2,10,128,278925.4431628,40393,255,0,0,255,255,255,0,0,255,0,0,255,255,255,0,0
2,10,129,278925.4638893,40415,255,255,0,0,255,255,255,0,255,255,0,0,255,255,255,0
2,10,130,278925.4847141,40436,255,255,255,0,0,0,255,255,255,255,255,0,0,0,255,255
2,10,131,278925.5055244,40457,0,255,255,255,0,0,0,255,0,255,255,255,0,0,0,255
2,10,132,278925.5262705,40479,0,0,0,255,255,255,0,0,0,0,0,255,255,255,0,0
2,10,133,278925.5473966,40500,0,0,0,0,255,255,255,255,0,0,0,0,255,255,255,255
2,10,134,278925.5680001,40521,255,255,0,0,0,0,0,255,255,255,0,0,0,0,0,255
2,10,135,278925.5889907,40543,255,255,255,255,0,0,0,0,255,255,255,255,0,0,0,0
2,10,136,278925.6098191,40564,255,255,255,255,255,255,255,255,255,255,255,255,255,255,255,255
2,10,137,278925.6304814,40585,0,0,0,0,255,255,255,255,0,0,0,0,255,255,255,255
2,10,138,278925.6513917,40607,0,0,0,0,0,0,0,0,0,0,0,0,0,0,0,0
2,10,139,278925.6723308,40628,0,0,0,0,0,0,0,0,0,0,0,0,0,0,0,0
2,10,140,278925.6928995,40649,255,255,255,255,255,255,255,255,255,255,255,255,255,255,255,255
2,10,141,278925.7139234,40671,255,255,255,255,255,0,0,0,255,255,255,255,255,0,0,0
2,10,142,278925.7347455,40692,255,0,0,0,0,0,0,0,255,0,0,0,0,0,0,0
2,10,143,278925.755491,40713,0,0,0,0,0,255,255,255,0,0,0,0,0,255,255,255
2,10,144,278925.7761565,40734,0,0,255,255,255,255,255,0,0,0,255,255,255,255,255,0
2,11,1,278926.7942633,41777,128,255,255,255,255,0,0,0,128,255,255,255,255,0,0,0
2,11,2,278926.7979987,41781,255,255,255,0,0,0,255,255,255,255,255,0,0,0,255,255
2,11,3,278926.8171292,41800,255,255,0,0,0,255,255,255,255,255,0,0,0,255,255,255
2,11,4,278926.8379854,41822,255,0,0,255,255,255,0,0,255,0,0,255,255,255,0,0
2,11,5,278926.8589112,41843,0,0,255,255,255,0,0,255,0,0,255,255,255,0,0,255
2,11,6,278926.8799973,41865,0,255,255,0,0,0,255,255,0,255,255,0,0,0,255,255
2,11,7,278926.9009478,41886,0,255,255,0,0,255,255,0,0,255,255,0,0,255,255,0
2,11,8,278926.9220611,41908,255,255,0,0,255,0,0,255,255,255,0,0,255,0,0,255
2,11,9,278926.9424799,41929,255,0,0,255,255,0,255,255,255,0,0,255,255,0,255,255
2,11,10,278926.9633399,41950,255,0,255,255,0,255,255,0,255,0,255,255,0,255,255,0
2,11,11,278926.9841019,41971,0,0,255,0,0,255,0,0,0,0,255,0,0,255,0,0
2,11,12,278927.0051276,41993,0,255,0,0,255,0,0,255,0,255,0,0,255,0,0,255
2,11,13,278927.0260589,42014,0,255,0,255,255,0,255,0,0,255,0,255,255,0,255,0
2,11,14,278927.0466575,42035,255,0,0,255,0,255,0,0,255,0,0,255,0,255,0,0
2,11,15,278927.0674844,42057,255,0,255,0,0,255,0,255,255,0,255,0,0,255,0,255
2,11,16,278927.0882699,42078,255,0,255,0,255,0,255,0,255,0,255,0,255,0,255,0
2,11,17,278927.1091564,42099,0,255,0,255,255,0,255,0,0,255,0,255,255,0,255,0
2,11,18,278927.1301656,42121,0,255,0,255,0,255,0,255,0,255,0,255,0,255,0,255
2,11,19,278927.1507711,42142,0,255,0,255,0,255,0,255,0,255,0,255,0,255,0,255
2,11,20,278927.1715512,42163,255,0,255,0,255,0,255,0,255,0,255,0,255,0,255,0
2,11,21,278927.1924354,42185,255,0,255,0,255,255,0,255,255,0,255,0,255,255,0,255
2,11,22,278927.2133512,42206,255,255,0,255,0,255,0,255,255,255,0,255,0,255,0,255
2,11,23,278927.234095,42227,0,255,0,255,0,0,255,0,0,255,0,255,0,0,255,0
2,11,24,278927.2549354,42249,0,255,255,0,255,0,255,255,0,255,255,0,255,0,255,255
2,11,25,278927.2759724,42270,0,0,255,0,255,255,0,255,0,0,255,0,255,255,0,255
2,11,26,278927.2965684,42291,255,0,255,255,0,255,255,0,255,0,255,255,0,255,255,0
2,11,27,278927.317436,42313,255,0,0,255,0,0,255,0,255,0,0,255,0,0,255,0
2,11,28,278927.3385175,42334,255,255,0,0,255,0,0,255,255,255,0,0,255,0,0,255
2,11,29,278927.3592734,42356,0,255,255,0,255,255,0,0,0,255,255,0,255,255,0,0
2,11,30,278927.3800466,42377,0,0,255,255,0,255,255,0,0,0,255,255,0,255,255,0
2,11,31,278927.4007531,42398,0,0,255,255,0,0,255,255,0,0,255,255,0,0,255,255
2,11,32,278927.4215357,42419,255,0,0,255,255,255,0,0,255,0,0,255,255,255,0,0
2,11,33,278927.4422875,42441,255,255,0,0,255,255,255,0,255,255,0,0,255,255,255,0
2,11,34,278927.4631792,42462,255,255,255,0,0,0,255,255,255,255,255,0,0,0,255,255
2,11,35,278927.484184,42483,0,255,255,255,0,0,0,255,0,255,255,255,0,0,0,255
2,11,36,278927.5050563,42505,0,0,0,255,255,255,0,0,0,0,0,255,255,255,0,0
2,11,37,278927.5257893,42526,0,0,0,0,255,255,255,255,0,0,0,0,255,255,255,255
2,11,38,278927.5465724,42547,255,255,0,0,0,0,0,255,255,255,0,0,0,0,0,255
2,11,39,278927.5675041,42569,255,255,255,255,0,0,0,0,255,255,255,255,0,0,0,0
2,11,40,278927.5881823,42590,255,255,255,255,255,255,255,255,255,255,255,255,255,255,255,255
2,11,41,278927.6090618,42611,0,0,0,0,255,255,255,255,0,0,0,0,255,255,255,255
2,11,42,278927.6300323,42633,0,0,0,0,0,0,0,0,0,0,0,0,0,0,0,0
2,11,43,278927.6507716,42654,0,0,0,0,0,0,0,0,0,0,0,0,0,0,0,0
2,11,44,278927.6715262,42675,255,255,255,255,255,255,255,255,255,255,255,255,255,255,255,255
2,11,45,278927.6923909,42697,255,255,255,255,255,0,0,0,255,255,255,255,255,0,0,0
2,11,46,278927.7132024,42718,255,0,0,0,0,0,0,0,255,0,0,0,0,0,0,0
2,11,47,278927.7338295,42739,0,0,0,0,0,255,255,255,0,0,0,0,0,255,255,255
2,11,48,278927.754859,42761,0,0,255,255,255,255,255,0,0,0,255,255,255,255,255,0
2,11,49,278927.7757177,42782,0,255,255,255,255,0,0,0,0,255,255,255,255,0,0,0
2,11,50,278927.7964604,42803,255,255,255,0,0,0,255,255,255,255,255,0,0,0,255,255
2,11,51,278927.817244,42824,255,255,0,0,0,255,255,255,255,255,0,0,0,255,255,255
2,11,52,278927.838095,42846,255,0,0,255,255,255,0,0,255,0,0,255,255,255,0,0
2,11,53,278927.8588742,42867,0,0,255,255,255,0,0,255,0,0,255,255,255,0,0,255
2,11,54,278927.87953,42888,0,255,255,0,0,0,255,255,0,255,255,0,0,0,255,255
2,11,55,278927.9005482,42910,0,255,255,0,0,255,255,0,0,255,255,0,0,255,255,0
2,11,56,278927.9215913,42931,255,255,0,0,255,0,0,255,255,255,0,0,255,0,0,255
2,11,57,278927.9422202,42952,255,0,0,255,255,0,255,255,255,0,0,255,255,0,255,255
2,11,58,278927.9632609,42974,255,0,255,255,0,255,255,0,255,0,255,255,0,255,255,0
2,11,59,278927.9838253,42995,0,0,255,0,0,255,0,0,0,0,255,0,0,255,0,0
2,11,60,278928.0047284,43016,0,255,0,0,255,0,0,255,0,255,0,0,255,0,0,255
2,11,61,278928.0256097,43038,0,255,0,255,255,0,255,0,0,255,0,255,255,0,255,0
2,11,62,278928.0465451,43059,255,0,0,255,0,255,0,0,255,0,0,255,0,255,0,0
2,11,63,278928.0670523,43080,255,0,255,0,0,255,0,255,255,0,255,0,0,255,0,255
2,11,64,278928.0881064,43102,255,0,255,0,255,0,255,0,255,0,255,0,255,0,255,0
2,11,65,278928.1088679,43123,0,255,0,255,255,0,255,0,0,255,0,255,255,0,255,0
2,11,66,278928.1297256,43144,0,255,0,255,0,255,0,255,0,255,0,255,0,255,0,255
2,11,67,278928.1506293,43166,0,255,0,255,0,255,0,255,0,255,0,255,0,255,0,255
2,11,68,278928.171285,43187,255,0,255,0,255,0,255,0,255,0,255,0,255,0,255,0
2,11,69,278928.1921838,43208,255,0,255,0,255,255,0,255,255,0,255,0,255,255,0,255
2,11,70,278928.2132243,43230,255,255,0,255,0,255,0,255,255,255,0,255,0,255,0,255
2,11,71,278928.233724,43251,0,255,0,255,0,0,255,0,0,255,0,255,0,0,255,0
2,11,72,278928.2546957,43272,0,255,255,0,255,0,255,255,0,255,255,0,255,0,255,255
2,11,73,278928.275685,43294,0,0,255,0,255,255,0,255,0,0,255,0,255,255,0,255
2,11,74,278928.2963438,43315,255,0,255,255,0,255,255,0,255,0,255,255,0,255,255,0
2,11,75,278928.3170171,43336,255,0,0,255,0,0,255,0,255,0,0,255,0,0,255,0
2,11,76,278928.3380969,43358,255,255,0,0,255,0,0,255,255,255,0,0,255,0,0,255
2,11,77,278928.3586746,43379,0,255,255,0,255,255,0,0,0,255,255,0,255,255,0,0
2,11,78,278928.3796683,43400,0,0,255,255,0,255,255,0,0,0,255,255,0,255,255,0
2,11,79,278928.4004225,43422,0,0,255,255,0,0,255,255,0,0,255,255,0,0,255,255
2,11,80,278928.4213481,43443,255,0,0,255,255,255,0,0,255,0,0,255,255,255,0,0
2,11,81,278928.4420333,43464,255,255,0,0,255,255,255,0,255,255,0,0,255,255,255,0
2,11,82,278928.4628487,43486,255,255,255,0,0,0,255,255,255,255,255,0,0,0,255,255
2,11,83,278928.4836866,43507,0,255,255,255,0,0,0,255,0,255,255,255,0,0,0,255
2,11,84,278928.5044083,43528,0,0,0,255,255,255,0,0,0,0,0,255,255,255,0,0
2,11,85,278928.5254196,43550,0,0,0,0,255,255,255,255,0,0,0,0,255,255,255,255
2,11,86,278928.5461623,43571,255,255,0,0,0,0,0,255,255,255,0,0,0,0,0,255
2,11,87,278928.5668593,43592,255,255,255,255,0,0,0,0,255,255,255,255,0,0,0,0
2,11,88,278928.5877722,43614,255,255,255,255,255,255,255,255,255,255,255,255,255,255,255,255
2,11,89,278928.6088829,43635,0,0,0,0,255,255,255,255,0,0,0,0,255,255,255,255
2,11,90,278928.6296405,43656,0,0,0,0,0,0,0,0,0,0,0,0,0,0,0,0
2,11,91,278928.6502828,43678,0,0,0,0,0,0,0,0,0,0,0,0,0,0,0,0
2,11,92,278928.6710146,43699,255,255,255,255,255,255,255,255,255,255,255,255,255,255,255,255
2,11,93,278928.6919784,43720,255,255,255,255,255,0,0,0,255,255,255,255,255,0,0,0
2,11,94,278928.7127796,43742,255,0,0,0,0,0,0,0,255,0,0,0,0,0,0,0
2,11,95,278928.7336735,43763,0,0,0,0,0,255,255,255,0,0,0,0,0,255,255,255
2,11,96,278928.7541841,43784,0,0,255,255,255,255,255,0,0,0,255,255,255,255,255,0
2,11,97,278928.7752148,43805,0,255,255,255,255,0,0,0,0,255,255,255,255,0,0,0
2,11,98,278928.7961229,43827,255,255,255,0,0,0,255,255,255,255,255,0,0,0,255,255
2,11,99,278928.8169013,43848,255,255,0,0,0,255,255,255,255,255,0,0,0,255,255,255
2,11,100,278928.8377199,43869,255,0,0,255,255,255,0,0,255,0,0,255,255,255,0,0
2,11,101,278928.8586778,43891,0,0,255,255,255,0,0,255,0,0,255,255,255,0,0,255
2,11,102,278928.8794212,43912,0,255,255,0,0,0,255,255,0,255,255,0,0,0,255,255
2,11,103,278928.9001763,43933,0,255,255,0,0,255,255,0,0,255,255,0,0,255,255,0
2,11,104,278928.9211164,43955,255,255,0,0,255,0,0,255,255,255,0,0,255,0,0,255
2,11,105,278928.9424545,43977,255,0,0,255,255,0,255,255,255,0,0,255,255,0,255,255
2,11,106,278928.9626214,43997,255,0,255,255,0,255,255,0,255,0,255,255,0,255,255,0
2,11,107,278928.9835216,44019,0,0,255,0,0,255,0,0,0,0,255,0,0,255,0,0
2,11,108,278929.0044185,44040,0,255,0,0,255,0,0,255,0,255,0,0,255,0,0,255
2,11,109,278929.0253423,44062,0,255,0,255,255,0,255,0,0,255,0,255,255,0,255,0
2,11,110,278929.0459343,44083,255,0,0,255,0,255,0,0,255,0,0,255,0,255,0,0
2,11,111,278929.066886,44104,255,0,255,0,0,255,0,255,255,0,255,0,0,255,0,255
2,11,112,278929.0874989,44125,255,0,255,0,255,0,255,0,255,0,255,0,255,0,255,0
2,11,113,278929.1084038,44147,0,255,0,255,255,0,255,0,0,255,0,255,255,0,255,0
2,11,114,278929.1294779,44168,0,255,0,255,0,255,0,255,0,255,0,255,0,255,0,255
2,11,115,278929.1499277,44189,0,255,0,255,0,255,0,255,0,255,0,255,0,255,0,255
2,11,116,278929.1709673,44211,255,0,255,0,255,0,255,0,255,0,255,0,255,0,255,0
2,11,117,278929.1917457,44232,255,0,255,0,255,255,0,255,255,0,255,0,255,255,0,255
2,11,118,278929.212894,44254,255,255,0,255,0,255,0,255,255,255,0,255,0,255,0,255
2,11,119,278929.2335085,44275,0,255,0,255,0,0,255,0,0,255,0,255,0,0,255,0
2,11,120,278929.2543692,44296,0,255,255,0,255,0,255,255,0,255,255,0,255,0,255,255
2,11,121,278929.2751757,44317,0,0,255,0,255,255,0,255,0,0,255,0,255,255,0,255
2,11,122,278929.2958825,44339,255,0,255,255,0,255,255,0,255,0,255,255,0,255,255,0
2,11,123,278929.3167474,44360,255,0,0,255,0,0,255,0,255,0,0,255,0,0,255,0
2,11,124,278929.3378259,44382,255,255,0,0,255,0,0,255,255,255,0,0,255,0,0,255
2,11,125,278929.3584319,44403,0,255,255,0,255,255,0,0,0,255,255,0,255,255,0,0
2,11,126,278929.3792528,44424,0,0,255,255,0,255,255,0,0,0,255,255,0,255,255,0
2,11,127,278929.4001035,44445,0,0,255,255,0,0,255,255,0,0,255,255,0,0,255,255
2,11,128,278929.420843,44467,255,0,0,255,255,255,0,0,255,0,0,255,255,255,0,0
2,11,129,278929.4418762,44488,255,255,0,0,255,255,255,0,255,255,0,0,255,255,255,0
2,11,130,278929.4625923,44509,255,255,255,0,0,0,255,255,255,255,255,0,0,0,255,255
2,11,131,278929.483495,44531,0,255,255,255,0,0,0,255,0,255,255,255,0,0,0,255
2,11,132,278929.5042237,44552,0,0,0,255,255,255,0,0,0,0,0,255,255,255,0,0
2,11,133,278929.5252076,44573,0,0,0,0,255,255,255,255,0,0,0,0,255,255,255,255
2,11,134,278929.5458006,44595,255,255,0,0,0,0,0,255,255,255,0,0,0,0,0,255
2,11,135,278929.5668262,44616,255,255,255,255,0,0,0,0,255,255,255,255,0,0,0,0
2,11,136,278929.5875259,44637,255,255,255,255,255,255,255,255,255,255,255,255,255,255,255,255
2,11,137,278929.6085069,44659,0,0,0,0,255,255,255,255,0,0,0,0,255,255,255,255
2,11,138,278929.6292351,44680,0,0,0,0,0,0,0,0,0,0,0,0,0,0,0,0
2,11,139,278929.6500232,44701,0,0,0,0,0,0,0,0,0,0,0,0,0,0,0,0
2,11,140,278929.6708531,44723,255,255,255,255,255,255,255,255,255,255,255,255,255,255,255,255
2,11,141,278929.6915887,44744,255,255,255,255,255,0,0,0,255,255,255,255,255,0,0,0
2,11,142,278929.7125034,44765,255,0,0,0,0,0,0,0,255,0,0,0,0,0,0,0
2,11,143,278929.733265,44787,0,0,0,0,0,255,255,255,0,0,0,0,0,255,255,255
2,11,144,278929.754338,44808,0,0,255,255,255,255,255,0,0,0,255,255,255,255,255,0
2,12,1,278930.7719257,45850,128,255,255,255,255,0,0,0,128,255,255,255,255,0,0,0
2,12,2,278930.7758682,45854,255,255,255,0,0,0,255,255,255,255,255,0,0,0,255,255
2,12,3,278930.7951969,45874,255,255,0,0,0,255,255,255,255,255,0,0,0,255,255,255
2,12,4,278930.8158123,45895,255,0,0,255,255,255,0,0,255,0,0,255,255,255,0,0
2,12,5,278930.8370112,45917,0,0,255,255,255,0,0,255,0,0,255,255,255,0,0,255
2,12,6,278930.8580613,45938,0,255,255,0,0,0,255,255,0,255,255,0,0,0,255,255
2,12,7,278930.8787216,45959,0,255,255,0,0,255,255,0,0,255,255,0,0,255,255,0
2,12,8,278930.8997272,45981,255,255,0,0,255,0,0,255,255,255,0,0,255,0,0,255
2,12,9,278930.9202949,46002,255,0,0,255,255,0,255,255,255,0,0,255,255,0,255,255
2,12,10,278930.9412842,46024,255,0,255,255,0,255,255,0,255,0,255,255,0,255,255,0
2,12,11,278930.9619467,46045,0,0,255,0,0,255,0,0,0,0,255,0,0,255,0,0
2,12,12,278930.9828989,46066,0,255,0,0,255,0,0,255,0,255,0,0,255,0,0,255
2,12,13,278931.0037537,46087,0,255,0,255,255,0,255,0,0,255,0,255,255,0,255,0
2,12,14,278931.0244898,46109,255,0,0,255,0,255,0,0,255,0,0,255,0,255,0,0
2,12,15,278931.0453828,46130,255,0,255,0,0,255,0,255,255,0,255,0,0,255,0,255
2,12,16,278931.0663893,46152,255,0,255,0,255,0,255,0,255,0,255,0,255,0,255,0
2,12,17,278931.087077,46173,0,255,0,255,255,0,255,0,0,255,0,255,255,0,255,0
2,12,18,278931.1077948,46194,0,255,0,255,0,255,0,255,0,255,0,255,0,255,0,255
2,12,19,278931.1286725,46215,0,255,0,255,0,255,0,255,0,255,0,255,0,255,0,255
2,12,20,278931.1494286,46237,255,0,255,0,255,0,255,0,255,0,255,0,255,0,255,0
2,12,21,278931.170443,46258,255,0,255,0,255,255,0,255,255,0,255,0,255,255,0,255
2,12,22,278931.1911747,46279,255,255,0,255,0,255,0,255,255,255,0,255,0,255,0,255
2,12,23,278931.2120313,46301,0,255,0,255,0,0,255,0,0,255,0,255,0,0,255,0
2,12,24,278931.2327834,46322,0,255,255,0,255,0,255,255,0,255,255,0,255,0,255,255
2,12,25,278931.2536184,46343,0,0,255,0,255,255,0,255,0,0,255,0,255,255,0,255
2,12,26,278931.27453,46365,255,0,255,255,0,255,255,0,255,0,255,255,0,255,255,0
2,12,27,278931.2954687,46386,255,0,0,255,0,0,255,0,255,0,0,255,0,0,255,0
2,12,28,278931.3161466,46407,255,255,0,0,255,0,0,255,255,255,0,0,255,0,0,255
2,12,29,278931.3369549,46429,0,255,255,0,255,255,0,0,0,255,255,0,255,255,0,0
2,12,30,278931.357682,46450,0,0,255,255,0,255,255,0,0,0,255,255,0,255,255,0
2,12,31,278931.378545,46471,0,0,255,255,0,0,255,255,0,0,255,255,0,0,255,255
2,12,32,278931.3995434,46493,255,0,0,255,255,255,0,0,255,0,0,255,255,255,0,0
2,12,33,278931.4202922,46514,255,255,0,0,255,255,255,0,255,255,0,0,255,255,255,0
2,12,34,278931.4411196,46535,255,255,255,0,0,0,255,255,255,255,255,0,0,0,255,255
2,12,35,278931.4619041,46557,0,255,255,255,0,0,0,255,0,255,255,255,0,0,0,255
2,12,36,278931.4827291,46578,0,0,0,255,255,255,0,0,0,0,0,255,255,255,0,0
2,12,37,278931.5036525,46599,0,0,0,0,255,255,255,255,0,0,0,0,255,255,255,255
2,12,38,278931.5245278,46621,255,255,0,0,0,0,0,255,255,255,0,0,0,0,0,255
2,12,39,278931.5451024,46642,255,255,255,255,0,0,0,0,255,255,255,255,0,0,0,0
2,12,40,278931.5660841,46663,255,255,255,255,255,255,255,255,255,255,255,255,255,255,255,255
2,12,41,278931.5870218,46685,0,0,0,0,255,255,255,255,0,0,0,0,255,255,255,255
2,12,42,278931.6077385,46706,0,0,0,0,0,0,0,0,0,0,0,0,0,0,0,0
2,12,43,278931.6285448,46727,0,0,0,0,0,0,0,0,0,0,0,0,0,0,0,0
2,12,44,278931.6494771,46749,255,255,255,255,255,255,255,255,255,255,255,255,255,255,255,255
2,12,45,278931.6702554,46770,255,255,255,255,255,0,0,0,255,255,255,255,255,0,0,0
2,12,46,278931.6911863,46791,255,0,0,0,0,0,0,0,255,0,0,0,0,0,0,0
2,12,47,278931.7118084,46813,0,0,0,0,0,255,255,255,0,0,0,0,0,255,255,255
2,12,48,278931.732734,46834,0,0,255,255,255,255,255,0,0,0,255,255,255,255,255,0
2,12,49,278931.7537267,46855,0,255,255,255,255,0,0,0,0,255,255,255,255,0,0,0
2,12,50,278931.7741698,46876,255,255,255,0,0,0,255,255,255,255,255,0,0,0,255,255
2,12,51,278931.7953191,46898,255,255,0,0,0,255,255,255,255,255,0,0,0,255,255,255
2,12,52,278931.8159773,46919,255,0,0,255,255,255,0,0,255,0,0,255,255,255,0,0
2,12,53,278931.8368396,46941,0,0,255,255,255,0,0,255,0,0,255,255,255,0,0,255
2,12,54,278931.8577722,46962,0,255,255,0,0,0,255,255,0,255,255,0,0,0,255,255
2,12,55,278931.8784467,46983,0,255,255,0,0,255,255,0,0,255,255,0,0,255,255,0
2,12,56,278931.8991937,47004,255,255,0,0,255,0,0,255,255,255,0,0,255,0,0,255
2,12,57,278931.9201654,47026,255,0,0,255,255,0,255,255,255,0,0,255,255,0,255,255
2,12,58,278931.9407838,47047,255,0,255,255,0,255,255,0,255,0,255,255,0,255,255,0
2,12,59,278931.96168,47068,0,0,255,0,0,255,0,0,0,0,255,0,0,255,0,0
2,12,60,278931.9825063,47090,0,255,0,0,255,0,0,255,0,255,0,0,255,0,0,255
2,12,61,278932.0036443,47111,0,255,0,255,255,0,255,0,0,255,0,255,255,0,255,0
2,12,62,278932.0241405,47132,255,0,0,255,0,255,0,0,255,0,0,255,0,255,0,0
2,12,63,278932.0448325,47154,255,0,255,0,0,255,0,255,255,0,255,0,0,255,0,255
2,12,64,278932.0658625,47175,255,0,255,0,255,0,255,0,255,0,255,0,255,0,255,0
2,12,65,278932.0866536,47196,0,255,0,255,255,0,255,0,0,255,0,255,255,0,255,0
2,12,66,278932.1075166,47218,0,255,0,255,0,255,0,255,0,255,0,255,0,255,0,255
2,12,67,278932.1282822,47239,0,255,0,255,0,255,0,255,0,255,0,255,0,255,0,255
2,12,68,278932.1492051,47260,255,0,255,0,255,0,255,0,255,0,255,0,255,0,255,0
2,12,69,278932.1700811,47282,255,0,255,0,255,255,0,255,255,0,255,0,255,255,0,255
2,12,70,278932.1907379,47303,255,255,0,255,0,255,0,255,255,255,0,255,0,255,0,255
2,12,71,278932.2115965,47324,0,255,0,255,0,0,255,0,0,255,0,255,0,0,255,0
2,12,72,278932.2326733,47346,0,255,255,0,255,0,255,255,0,255,255,0,255,0,255,255
2,12,73,278932.2532435,47367,0,0,255,0,255,255,0,255,0,0,255,0,255,255,0,255
2,12,74,278932.2743151,47389,255,0,255,255,0,255,255,0,255,0,255,255,0,255,255,0
2,12,75,278932.2950246,47410,255,0,0,255,0,0,255,0,255,0,0,255,0,0,255,0
2,12,76,278932.3157901,47431,255,255,0,0,255,0,0,255,255,255,0,0,255,0,0,255
2,12,77,278932.3367323,47452,0,255,255,0,255,255,0,0,0,255,255,0,255,255,0,0
2,12,78,278932.3575511,47474,0,0,255,255,0,255,255,0,0,0,255,255,0,255,255,0
2,12,79,278932.3782764,47495,0,0,255,255,0,0,255,255,0,0,255,255,0,0,255,255
2,12,80,278932.398967,47516,255,0,0,255,255,255,0,0,255,0,0,255,255,255,0,0
2,12,81,278932.4201189,47538,255,255,0,0,255,255,255,0,255,255,0,0,255,255,255,0
2,12,82,278932.4407399,47559,255,255,255,0,0,0,255,255,255,255,255,0,0,0,255,255
2,12,83,278932.4616144,47580,0,255,255,255,0,0,0,255,0,255,255,255,0,0,0,255
2,12,84,278932.4823752,47602,0,0,0,255,255,255,0,0,0,0,0,255,255,255,0,0
2,12,85,278932.5033486,47623,0,0,0,0,255,255,255,255,0,0,0,0,255,255,255,255
2,12,86,278932.5239131,47644,255,255,0,0,0,0,0,255,255,255,0,0,0,0,0,255
2,12,87,278932.5448096,47666,255,255,255,255,0,0,0,0,255,255,255,255,0,0,0,0
2,12,88,278932.5656721,47687,255,255,255,255,255,255,255,255,255,255,255,255,255,255,255,255
2,12,89,278932.586641,47708,0,0,0,0,255,255,255,255,0,0,0,0,255,255,255,255
2,12,90,278932.6075893,47730,0,0,0,0,0,0,0,0,0,0,0,0,0,0,0,0
2,12,91,278932.6283749,47751,0,0,0,0,0,0,0,0,0,0,0,0,0,0,0,0
2,12,92,278932.6490154,47772,255,255,255,255,255,255,255,255,255,255,255,255,255,255,255,255
2,12,93,278932.6699906,47794,255,255,255,255,255,0,0,0,255,255,255,255,255,0,0,0
2,12,94,278932.6906276,47815,255,0,0,0,0,0,0,0,255,0,0,0,0,0,0,0
2,12,95,278932.7114055,47836,0,0,0,0,0,255,255,255,0,0,0,0,0,255,255,255
2,12,96,278932.732498,47858,0,0,255,255,255,255,255,0,0,0,255,255,255,255,255,0
2,12,97,278932.7530361,47879,0,255,255,255,255,0,0,0,0,255,255,255,255,0,0,0
2,12,98,278932.7740478,47900,255,255,255,0,0,0,255,255,255,255,255,0,0,0,255,255
2,12,99,278932.7949797,47922,255,255,0,0,0,255,255,255,255,255,0,0,0,255,255,255
2,12,100,278932.8155811,47943,255,0,0,255,255,255,0,0,255,0,0,255,255,255,0,0
2,12,101,278932.836408,47964,0,0,255,255,255,0,0,255,0,0,255,255,255,0,0,255
2,12,102,278932.8573274,47986,0,255,255,0,0,0,255,255,0,255,255,0,0,0,255,255
2,12,103,278932.8780365,48007,0,255,255,0,0,255,255,0,0,255,255,0,0,255,255,0
2,12,104,278932.8987408,48028,255,255,0,0,255,0,0,255,255,255,0,0,255,0,0,255
2,12,105,278932.9196632,48049,255,0,0,255,255,0,255,255,255,0,0,255,255,0,255,255
2,12,106,278932.9405465,48071,255,0,255,255,0,255,255,0,255,0,255,255,0,255,255,0
2,12,107,278932.9615051,48092,0,0,255,0,0,255,0,0,0,0,255,0,0,255,0,0
2,12,108,278932.9822503,48113,0,255,0,0,255,0,0,255,0,255,0,0,255,0,0,255
2,12,109,278933.0031731,48135,0,255,0,255,255,0,255,0,0,255,0,255,255,0,255,0
2,12,110,278933.0237867,48156,255,0,0,255,0,255,0,0,255,0,0,255,0,255,0,0
2,12,111,278933.0446871,48177,255,0,255,0,0,255,0,255,255,0,255,0,0,255,0,255
2,12,112,278933.0656137,48199,255,0,255,0,255,0,255,0,255,0,255,0,255,0,255,0
2,12,113,278933.0866091,48220,0,255,0,255,255,0,255,0,0,255,0,255,255,0,255,0
2,12,114,278933.107155,48241,0,255,0,255,0,255,0,255,0,255,0,255,0,255,0,255
2,12,115,278933.1281206,48263,0,255,0,255,0,255,0,255,0,255,0,255,0,255,0,255
2,12,116,278933.1487408,48284,255,0,255,0,255,0,255,0,255,0,255,0,255,0,255,0
2,12,117,278933.1697198,48305,255,0,255,0,255,255,0,255,255,0,255,0,255,255,0,255
2,12,118,278933.1904411,48327,255,255,0,255,0,255,0,255,255,255,0,255,0,255,0,255
2,12,119,278933.2113209,48348,0,255,0,255,0,0,255,0,0,255,0,255,0,0,255,0
2,12,120,278933.232264,48369,0,255,255,0,255,0,255,255,0,255,255,0,255,0,255,255
2,12,121,278933.2529327,48391,0,0,255,0,255,255,0,255,0,0,255,0,255,255,0,255
2,12,122,278933.2738056,48412,255,0,255,255,0,255,255,0,255,0,255,255,0,255,255,0
2,12,123,278933.2945065,48433,255,0,0,255,0,0,255,0,255,0,0,255,0,0,255,0
2,12,124,278933.3153855,48455,255,255,0,0,255,0,0,255,255,255,0,0,255,0,0,255
2,12,125,278933.3364571,48476,0,255,255,0,255,255,0,0,0,255,255,0,255,255,0,0
2,12,126,278933.3569593,48497,0,0,255,255,0,255,255,0,0,0,255,255,0,255,255,0
2,12,127,278933.3781104,48519,0,0,255,255,0,0,255,255,0,0,255,255,0,0,255,255
2,12,128,278933.3987267,48540,255,0,0,255,255,255,0,0,255,0,0,255,255,255,0,0
2,12,129,278933.4197508,48561,255,255,0,0,255,255,255,0,255,255,0,0,255,255,255,0
2,12,130,278933.4403851,48583,255,255,255,0,0,0,255,255,255,255,255,0,0,0,255,255
2,12,131,278933.4614291,48604,0,255,255,255,0,0,0,255,0,255,255,255,0,0,0,255
2,12,132,278933.4819964,48625,0,0,0,255,255,255,0,0,0,0,0,255,255,255,0,0
2,12,133,278933.5028917,48647,0,0,0,0,255,255,255,255,0,0,0,0,255,255,255,255
2,12,134,278933.5237804,48668,255,255,0,0,0,0,0,255,255,255,0,0,0,0,0,255
2,12,135,278933.5445946,48689,255,255,255,255,0,0,0,0,255,255,255,255,0,0,0,0
2,12,136,278933.5655692,48711,255,255,255,255,255,255,255,255,255,255,255,255,255,255,255,255
2,12,137,278933.5862239,48732,0,0,0,0,255,255,255,255,0,0,0,0,255,255,255,255
2,12,138,278933.607192,48753,0,0,0,0,0,0,0,0,0,0,0,0,0,0,0,0
2,12,139,278933.6279382,48775,0,0,0,0,0,0,0,0,0,0,0,0,0,0,0,0
2,12,140,278933.6487069,48796,255,255,255,255,255,255,255,255,255,255,255,255,255,255,255,255
2,12,141,278933.6696341,48817,255,255,255,255,255,0,0,0,255,255,255,255,255,0,0,0
2,12,142,278933.6902606,48838,255,0,0,0,0,0,0,0,255,0,0,0,0,0,0,0
2,12,143,278933.7110607,48860,0,0,0,0,0,255,255,255,0,0,0,0,0,255,255,255
2,12,144,278933.732042,48881,0,0,255,255,255,255,255,0,0,0,255,255,255,255,255,0
2,13,1,278934.7456586,49919,128,255,255,255,255,0,0,0,128,255,255,255,255,0,0,0
2,13,2,278934.7520094,49926,255,255,255,0,0,0,255,255,255,255,255,0,0,0,255,255
2,13,3,278934.7729054,49947,255,255,0,0,0,255,255,255,255,255,0,0,0,255,255,255
2,13,4,278934.7936553,49968,255,0,0,255,255,255,0,0,255,0,0,255,255,255,0,0
2,13,5,278934.8144702,49990,0,0,255,255,255,0,0,255,0,0,255,255,255,0,0,255
2,13,6,278934.8358336,50012,0,255,255,0,0,0,255,255,0,255,255,0,0,0,255,255
2,13,7,278934.8565289,50033,0,255,255,0,0,255,255,0,0,255,255,0,0,255,255,0
2,13,8,278934.8773427,50054,255,255,0,0,255,0,0,255,255,255,0,0,255,0,0,255
2,13,9,278934.8981821,50075,255,0,0,255,255,0,255,255,255,0,0,255,255,0,255,255
2,13,10,278934.9192274,50097,255,0,255,255,0,255,255,0,255,0,255,255,0,255,255,0
2,13,11,278934.9397823,50118,0,0,255,0,0,255,0,0,0,0,255,0,0,255,0,0
2,13,12,278934.9607091,50139,0,255,0,0,255,0,0,255,0,255,0,0,255,0,0,255
2,13,13,278934.9815215,50161,0,255,0,255,255,0,255,0,0,255,0,255,255,0,255,0
2,13,14,278935.0030248,50183,255,0,0,255,0,255,0,0,255,0,0,255,0,255,0,0
2,13,15,278935.0232054,50203,255,0,255,0,0,255,0,255,255,0,255,0,0,255,0,255
2,13,16,278935.0439948,50225,255,0,255,0,255,0,255,0,255,0,255,0,255,0,255,0
2,13,17,278935.0647872,50246,0,255,0,255,255,0,255,0,0,255,0,255,255,0,255,0
2,13,18,278935.0858452,50268,0,255,0,255,0,255,0,255,0,255,0,255,0,255,0,255
2,13,19,278935.1064882,50289,0,255,0,255,0,255,0,255,0,255,0,255,0,255,0,255
2,13,20,278935.1273553,50310,255,0,255,0,255,0,255,0,255,0,255,0,255,0,255,0
2,13,21,278935.148393,50332,255,0,255,0,255,255,0,255,255,0,255,0,255,255,0,255
2,13,22,278935.1690034,50353,255,255,0,255,0,255,0,255,255,255,0,255,0,255,0,255
2,13,23,278935.1897591,50374,0,255,0,255,0,0,255,0,0,255,0,255,0,0,255,0
2,13,24,278935.2105849,50395,0,255,255,0,255,0,255,255,0,255,255,0,255,0,255,255
2,13,25,278935.2316289,50417,0,0,255,0,255,255,0,255,0,0,255,0,255,255,0,255
2,13,26,278935.2522811,50438,255,0,255,255,0,255,255,0,255,0,255,255,0,255,255,0
2,13,27,278935.2731031,50459,255,0,0,255,0,0,255,0,255,0,0,255,0,0,255,0
2,13,28,278935.2939355,50481,255,255,0,0,255,0,0,255,255,255,0,0,255,0,0,255
2,13,29,278935.314664,50502,0,255,255,0,255,255,0,0,0,255,255,0,255,255,0,0
2,13,30,278935.3354619,50523,0,0,255,255,0,255,255,0,0,0,255,255,0,255,255,0
2,13,31,278935.3563896,50545,0,0,255,255,0,0,255,255,0,0,255,255,0,0,255,255
2,13,32,278935.3774265,50566,255,0,0,255,255,255,0,0,255,0,0,255,255,255,0,0
2,13,33,278935.3981742,50587,255,255,0,0,255,255,255,0,255,255,0,0,255,255,255,0
2,13,34,278935.4191113,50609,255,255,255,0,0,0,255,255,255,255,255,0,0,0,255,255
2,13,35,278935.4393559,50630,0,255,255,255,0,0,0,255,0,255,255,255,0,0,0,255
2,13,36,278935.4604182,50651,0,0,0,255,255,255,0,0,0,0,0,255,255,255,0,0
2,13,37,278935.4812961,50672,0,0,0,0,255,255,255,255,0,0,0,0,255,255,255,255
2,13,38,278935.5023187,50694,255,255,0,0,0,0,0,255,255,255,0,0,0,0,0,255
2,13,39,278935.52303,50715,255,255,255,255,0,0,0,0,255,255,255,255,0,0,0,0
2,13,40,278935.5439153,50737,255,255,255,255,255,255,255,255,255,255,255,255,255,255,255,255
2,13,41,278935.5647159,50758,0,0,0,0,255,255,255,255,0,0,0,0,255,255,255,255
2,13,42,278935.5854998,50779,0,0,0,0,0,0,0,0,0,0,0,0,0,0,0,0
2,13,43,278935.606297,50800,0,0,0,0,0,0,0,0,0,0,0,0,0,0,0,0
2,13,44,278935.6270761,50822,255,255,255,255,255,255,255,255,255,255,255,255,255,255,255,255
2,13,45,278935.6479976,50843,255,255,255,255,255,0,0,0,255,255,255,255,255,0,0,0
2,13,46,278935.6687148,50864,255,0,0,0,0,0,0,0,255,0,0,0,0,0,0,0
2,13,47,278935.6896168,50886,0,0,0,0,0,255,255,255,0,0,0,0,0,255,255,255
2,13,48,278935.7105081,50907,0,0,255,255,255,255,255,0,0,0,255,255,255,255,255,0
2,13,49,278935.7314056,50929,0,255,255,255,255,0,0,0,0,255,255,255,255,0,0,0
2,13,50,278935.7521461,50950,255,255,255,0,0,0,255,255,255,255,255,0,0,0,255,255
2,13,51,278935.7729021,50971,255,255,0,0,0,255,255,255,255,255,0,0,0,255,255,255
2,13,52,278935.7936288,50992,255,0,0,255,255,255,0,0,255,0,0,255,255,255,0,0
2,13,53,278935.8144976,51014,0,0,255,255,255,0,0,255,0,0,255,255,255,0,0,255
2,13,54,278935.8356103,51035,0,255,255,0,0,0,255,255,0,255,255,0,0,0,255,255
2,13,55,278935.8561849,51056,0,255,255,0,0,255,255,0,0,255,255,0,0,255,255,0
2,13,56,278935.8770741,51078,255,255,0,0,255,0,0,255,255,255,0,0,255,0,0,255
2,13,57,278935.898,51099,255,0,0,255,255,0,255,255,255,0,0,255,255,0,255,255
2,13,58,278935.9186979,51120,255,0,255,255,0,255,255,0,255,0,255,255,0,255,255,0
2,13,59,278935.9396068,51142,0,0,255,0,0,255,0,0,0,0,255,0,0,255,0,0
2,13,60,278935.9603911,51163,0,255,0,0,255,0,0,255,0,255,0,0,255,0,0,255
2,13,61,278935.9812464,51184,0,255,0,255,255,0,255,0,0,255,0,255,255,0,255,0
2,13,62,278936.0019905,51206,255,0,0,255,0,255,0,0,255,0,0,255,0,255,0,0
2,13,63,278936.0229079,51227,255,0,255,0,0,255,0,255,255,0,255,0,0,255,0,255
2,13,64,278936.0437776,51248,255,0,255,0,255,0,255,0,255,0,255,0,255,0,255,0
2,13,65,278936.0645391,51270,0,255,0,255,255,0,255,0,0,255,0,255,255,0,255,0
2,13,66,278936.0852914,51291,0,255,0,255,0,255,0,255,0,255,0,255,0,255,0,255
2,13,67,278936.1061604,51312,0,255,0,255,0,255,0,255,0,255,0,255,0,255,0,255
2,13,68,278936.1271117,51334,255,0,255,0,255,0,255,0,255,0,255,0,255,0,255,0
2,13,69,278936.1477673,51355,255,0,255,0,255,255,0,255,255,0,255,0,255,255,0,255
2,13,70,278936.1686243,51376,255,255,0,255,0,255,0,255,255,255,0,255,0,255,0,255
2,13,71,278936.1895759,51398,0,255,0,255,0,0,255,0,0,255,0,255,0,0,255,0
2,13,72,278936.2102637,51419,0,255,255,0,255,0,255,255,0,255,255,0,255,0,255,255
2,13,73,278936.2314534,51441,0,0,255,0,255,255,0,255,0,0,255,0,255,255,0,255
2,13,74,278936.2518888,51462,255,0,255,255,0,255,255,0,255,0,255,255,0,255,255,0
2,13,75,278936.2726864,51483,255,0,0,255,0,0,255,0,255,0,0,255,0,0,255,0
2,13,76,278936.2937241,51504,255,255,0,0,255,0,0,255,255,255,0,0,255,0,0,255
2,13,77,278936.3146206,51526,0,255,255,0,255,255,0,0,0,255,255,0,255,255,0,0
2,13,78,278936.3354016,51547,0,0,255,255,0,255,255,0,0,0,255,255,0,255,255,0
2,13,79,278936.355991,51568,0,0,255,255,0,0,255,255,0,0,255,255,0,0,255,255
2,13,80,278936.3768787,51590,255,0,0,255,255,255,0,0,255,0,0,255,255,255,0,0
2,13,81,278936.3977033,51611,255,255,0,0,255,255,255,0,255,255,0,0,255,255,255,0
2,13,82,278936.4187042,51632,255,255,255,0,0,0,255,255,255,255,255,0,0,0,255,255
2,13,83,278936.4393791,51654,0,255,255,255,0,0,0,255,0,255,255,255,0,0,0,255
2,13,84,278936.4601334,51675,0,0,0,255,255,255,0,0,0,0,0,255,255,255,0,0
2,13,85,278936.4809449,51696,0,0,0,0,255,255,255,255,0,0,0,0,255,255,255,255
2,13,86,278936.5018915,51718,255,255,0,0,0,0,0,255,255,255,0,0,0,0,0,255
2,13,87,278936.5227202,51739,255,255,255,255,0,0,0,0,255,255,255,255,0,0,0,0
2,13,88,278936.5437288,51760,255,255,255,255,255,255,255,255,255,255,255,255,255,255,255,255
2,13,89,278936.5644534,51782,0,0,0,0,255,255,255,255,0,0,0,0,255,255,255,255
2,13,90,278936.5855044,51803,0,0,0,0,0,0,0,0,0,0,0,0,0,0,0,0
2,13,91,278936.6060753,51824,0,0,0,0,0,0,0,0,0,0,0,0,0,0,0,0
2,13,92,278936.6268787,51846,255,255,255,255,255,255,255,255,255,255,255,255,255,255,255,255
2,13,93,278936.6476482,51867,255,255,255,255,255,0,0,0,255,255,255,255,255,0,0,0
2,13,94,278936.6684202,51888,255,0,0,0,0,0,0,0,255,0,0,0,0,0,0,0
2,13,95,278936.6893402,51910,0,0,0,0,0,255,255,255,0,0,0,0,0,255,255,255
2,13,96,278936.7101873,51931,0,0,255,255,255,255,255,0,0,0,255,255,255,255,255,0
2,13,97,278936.7308413,51952,0,255,255,255,255,0,0,0,0,255,255,255,255,0,0,0
2,13,98,278936.7517103,51973,255,255,255,0,0,0,255,255,255,255,255,0,0,0,255,255
2,13,99,278936.7724327,51995,255,255,0,0,0,255,255,255,255,255,0,0,0,255,255,255
2,13,100,278936.793414,52016,255,0,0,255,255,255,0,0,255,0,0,255,255,255,0,0
2,13,101,278936.8143445,52038,0,0,255,255,255,0,0,255,0,0,255,255,255,0,0,255
2,13,102,278936.8351881,52059,0,255,255,0,0,0,255,255,0,255,255,0,0,0,255,255
2,13,103,278936.8561492,52080,0,255,255,0,0,255,255,0,0,255,255,0,0,255,255,0
2,13,104,278936.8767312,52101,255,255,0,0,255,0,0,255,255,255,0,0,255,0,0,255
2,13,105,278936.8977013,52123,255,0,0,255,255,0,255,255,255,0,0,255,255,0,255,255
2,13,106,278936.9184572,52144,255,0,255,255,0,255,255,0,255,0,255,255,0,255,255,0
2,13,107,278936.9393745,52166,0,0,255,0,0,255,0,0,0,0,255,0,0,255,0,0
2,13,108,278936.9601287,52187,0,255,0,0,255,0,0,255,0,255,0,0,255,0,0,255
2,13,109,278936.9811339,52208,0,255,0,255,255,0,255,0,0,255,0,255,255,0,255,0
2,13,110,278937.0017287,52229,255,0,0,255,0,255,0,0,255,0,0,255,0,255,0,0
2,13,111,278937.0227393,52251,255,0,255,0,0,255,0,255,255,0,255,0,0,255,0,255
2,13,112,278937.0432615,52272,255,0,255,0,255,0,255,0,255,0,255,0,255,0,255,0
2,13,113,278937.064138,52293,0,255,0,255,255,0,255,0,0,255,0,255,255,0,255,0
2,13,114,278937.0851079,52315,0,255,0,255,0,255,0,255,0,255,0,255,0,255,0,255
2,13,115,278937.1057343,52336,0,255,0,255,0,255,0,255,0,255,0,255,0,255,0,255
2,13,116,278937.1265831,52357,255,0,255,0,255,0,255,0,255,0,255,0,255,0,255,0
2,13,117,278937.1474794,52379,255,0,255,0,255,255,0,255,255,0,255,0,255,255,0,255
2,13,118,278937.1682457,52400,255,255,0,255,0,255,0,255,255,255,0,255,0,255,0,255
2,13,119,278937.1891341,52421,0,255,0,255,0,0,255,0,0,255,0,255,0,0,255,0
2,13,120,278937.2102358,52443,0,255,255,0,255,0,255,255,0,255,255,0,255,0,255,255
2,13,121,278937.2307102,52464,0,0,255,0,255,255,0,255,0,0,255,0,255,255,0,255
2,13,122,278937.2515351,52485,255,0,255,255,0,255,255,0,255,0,255,255,0,255,255,0
2,13,123,278937.2725298,52507,255,0,0,255,0,0,255,0,255,0,0,255,0,0,255,0
2,13,124,278937.2932056,52528,255,255,0,0,255,0,0,255,255,255,0,0,255,0,0,255
2,13,125,278937.3143128,52549,0,255,255,0,255,255,0,0,0,255,255,0,255,255,0,0
2,13,126,278937.3349478,52571,0,0,255,255,0,255,255,0,0,0,255,255,0,255,255,0
2,13,127,278937.3558174,52592,0,0,255,255,0,0,255,255,0,0,255,255,0,0,255,255
2,13,128,278937.3766038,52613,255,0,0,255,255,255,0,0,255,0,0,255,255,255,0,0
2,13,129,278937.3976373,52635,255,255,0,0,255,255,255,0,255,255,0,0,255,255,255,0
2,13,130,278937.4183724,52656,255,255,255,0,0,0,255,255,255,255,255,0,0,0,255,255
2,13,131,278937.4390148,52677,0,255,255,255,0,0,0,255,0,255,255,255,0,0,0,255
2,13,132,278937.4600529,52699,0,0,0,255,255,255,0,0,0,0,0,255,255,255,0,0
2,13,133,278937.4806096,52720,0,0,0,0,255,255,255,255,0,0,0,0,255,255,255,255
2,13,134,278937.5016504,52741,255,255,0,0,0,0,0,255,255,255,0,0,0,0,0,255
2,13,135,278937.522374,52763,255,255,255,255,0,0,0,0,255,255,255,255,0,0,0,0
2,13,136,278937.5433811,52784,255,255,255,255,255,255,255,255,255,255,255,255,255,255,255,255
2,13,137,278937.5639626,52805,0,0,0,0,255,255,255,255,0,0,0,0,255,255,255,255
2,13,138,278937.584712,52826,0,0,0,0,0,0,0,0,0,0,0,0,0,0,0,0
2,13,139,278937.6056284,52848,0,0,0,0,0,0,0,0,0,0,0,0,0,0,0,0
2,13,140,278937.6266829,52869,255,255,255,255,255,255,255,255,255,255,255,255,255,255,255,255
2,13,141,278937.6472664,52890,255,255,255,255,255,0,0,0,255,255,255,255,255,0,0,0
2,13,142,278937.6680584,52912,255,0,0,0,0,0,0,0,255,0,0,0,0,0,0,0
2,13,143,278937.6888037,52933,0,0,0,0,0,255,255,255,0,0,0,0,0,255,255,255
2,13,144,278937.7095282,52954,0,0,255,255,255,255,255,0,0,0,255,255,255,255,255,0
2,14,1,278938.725518,53995,128,255,255,255,255,0,0,0,128,255,255,255,255,0,0,0
2,14,2,278938.7299204,53999,255,255,255,0,0,0,255,255,255,255,255,0,0,0,255,255
2,14,3,278938.7510986,54021,255,255,0,0,0,255,255,255,255,255,0,0,0,255,255,255
2,14,4,278938.7714549,54042,255,0,0,255,255,255,0,0,255,0,0,255,255,255,0,0
2,14,5,278938.7925806,54063,0,0,255,255,255,0,0,255,0,0,255,255,255,0,0,255
2,14,6,278938.8135626,54085,0,255,255,0,0,0,255,255,0,255,255,0,0,0,255,255
2,14,7,278938.8343328,54106,0,255,255,0,0,255,255,0,0,255,255,0,0,255,255,0
2,14,8,278938.8554056,54128,255,255,0,0,255,0,0,255,255,255,0,0,255,0,0,255
2,14,9,278938.8759299,54149,255,0,0,255,255,0,255,255,255,0,0,255,255,0,255,255
2,14,10,278938.8966098,54170,255,0,255,255,0,255,255,0,255,0,255,255,0,255,255,0
2,14,11,278938.917556,54191,0,0,255,0,0,255,0,0,0,0,255,0,0,255,0,0
2,14,12,278938.9383802,54213,0,255,0,0,255,0,0,255,0,255,0,0,255,0,0,255
2,14,13,278938.9593126,54234,0,255,0,255,255,0,255,0,0,255,0,255,255,0,255,0
2,14,14,278938.9801665,54255,255,0,0,255,0,255,0,0,255,0,0,255,0,255,0,0
2,14,15,278939.0009875,54277,255,0,255,0,0,255,0,255,255,0,255,0,0,255,0,255
2,14,16,278939.0218258,54298,255,0,255,0,255,0,255,0,255,0,255,0,255,0,255,0
2,14,17,278939.0426208,54319,0,255,0,255,255,0,255,0,0,255,0,255,255,0,255,0
2,14,18,278939.0636504,54341,0,255,0,255,0,255,0,255,0,255,0,255,0,255,0,255
2,14,19,278939.0843225,54362,0,255,0,255,0,255,0,255,0,255,0,255,0,255,0,255
2,14,20,278939.105415,54384,255,0,255,0,255,0,255,0,255,0,255,0,255,0,255,0
2,14,21,278939.1260693,54405,255,0,255,0,255,255,0,255,255,0,255,0,255,255,0,255
2,14,22,278939.1468517,54426,255,255,0,255,0,255,0,255,255,255,0,255,0,255,0,255
2,14,23,278939.1677768,54447,0,255,0,255,0,0,255,0,0,255,0,255,0,0,255,0
2,14,24,278939.1884767,54469,0,255,255,0,255,0,255,255,0,255,255,0,255,0,255,255
2,14,25,278939.2095129,54490,0,0,255,0,255,255,0,255,0,0,255,0,255,255,0,255
2,14,26,278939.230062,54511,255,0,255,255,0,255,255,0,255,0,255,255,0,255,255,0
2,14,27,278939.2509003,54533,255,0,0,255,0,0,255,0,255,0,0,255,0,0,255,0
2,14,28,278939.2716774,54554,255,255,0,0,255,0,0,255,255,255,0,0,255,0,0,255
2,14,29,278939.2926887,54575,0,255,255,0,255,255,0,0,0,255,255,0,255,255,0,0
2,14,30,278939.3134059,54597,0,0,255,255,0,255,255,0,0,0,255,255,0,255,255,0
2,14,31,278939.3342877,54618,0,0,255,255,0,0,255,255,0,0,255,255,0,0,255,255
2,14,32,278939.3552436,54639,255,0,0,255,255,255,0,0,255,0,0,255,255,255,0,0
2,14,33,278939.3758685,54661,255,255,0,0,255,255,255,0,255,255,0,0,255,255,255,0
2,14,34,278939.3967645,54682,255,255,255,0,0,0,255,255,255,255,255,0,0,0,255,255
2,14,35,278939.4176049,54703,0,255,255,255,0,0,0,255,0,255,255,255,0,0,0,255
2,14,36,278939.4385139,54725,0,0,0,255,255,255,0,0,0,0,0,255,255,255,0,0
2,14,37,278939.4592833,54746,0,0,0,0,255,255,255,255,0,0,0,0,255,255,255,255
2,14,38,278939.4800442,54767,255,255,0,0,0,0,0,255,255,255,0,0,0,0,0,255
2,14,39,278939.5008406,54789,255,255,255,255,0,0,0,0,255,255,255,255,0,0,0,0
2,14,40,278939.5218359,54810,255,255,255,255,255,255,255,255,255,255,255,255,255,255,255,255
2,14,41,278939.5426764,54831,0,0,0,0,255,255,255,255,0,0,0,0,255,255,255,255
2,14,42,278939.5633436,54853,0,0,0,0,0,0,0,0,0,0,0,0,0,0,0,0
2,14,43,278939.584221,54874,0,0,0,0,0,0,0,0,0,0,0,0,0,0,0,0
2,14,44,278939.6050592,54895,255,255,255,255,255,255,255,255,255,255,255,255,255,255,255,255
2,14,45,278939.6261513,54917,255,255,255,255,255,0,0,0,255,255,255,255,255,0,0,0
2,14,46,278939.6467271,54938,255,0,0,0,0,0,0,0,255,0,0,0,0,0,0,0
2,14,47,278939.6675373,54959,0,0,0,0,0,255,255,255,0,0,0,0,0,255,255,255
2,14,48,278939.6882351,54980,0,0,255,255,255,255,255,0,0,0,255,255,255,255,255,0
2,14,49,278939.709283,55002,0,255,255,255,255,0,0,0,0,255,255,255,255,0,0,0
2,14,50,278939.7299609,55023,255,255,255,0,0,0,255,255,255,255,255,0,0,0,255,255
2,14,51,278939.7507396,55044,255,255,0,0,0,255,255,255,255,255,0,0,0,255,255,255
2,14,52,278939.7715978,55066,255,0,0,255,255,255,0,0,255,0,0,255,255,255,0,0
2,14,53,278939.7925148,55087,0,0,255,255,255,0,0,255,0,0,255,255,255,0,0,255
2,14,54,278939.8131813,55108,0,255,255,0,0,0,255,255,0,255,255,0,0,0,255,255
2,14,55,278939.8340469,55130,0,255,255,0,0,255,255,0,0,255,255,0,0,255,255,0
2,14,56,278939.8548778,55151,255,255,0,0,255,0,0,255,255,255,0,0,255,0,0,255
2,14,57,278939.8758882,55173,255,0,0,255,255,0,255,255,255,0,0,255,255,0,255,255
2,14,58,278939.8965994,55194,255,0,255,255,0,255,255,0,255,0,255,255,0,255,255,0
2,14,59,278939.9173136,55215,0,0,255,0,0,255,0,0,0,0,255,0,0,255,0,0
2,14,60,278939.9382537,55236,0,255,0,0,255,0,0,255,0,255,0,0,255,0,0,255
2,14,61,278939.9590423,55258,0,255,0,255,255,0,255,0,0,255,0,255,255,0,255,0
2,14,62,278939.9798365,55279,255,0,0,255,0,255,0,0,255,0,0,255,0,255,0,0
2,14,63,278940.0006142,55300,255,0,255,0,0,255,0,255,255,0,255,0,0,255,0,255
2,14,64,278940.021499,55322,255,0,255,0,255,0,255,0,255,0,255,0,255,0,255,0
2,14,65,278940.0423912,55343,0,255,0,255,255,0,255,0,0,255,0,255,255,0,255,0
2,14,66,278940.0631279,55364,0,255,0,255,0,255,0,255,0,255,0,255,0,255,0,255
2,14,67,278940.0841075,55386,0,255,0,255,0,255,0,255,0,255,0,255,0,255,0,255
2,14,68,278940.1048265,55407,255,0,255,0,255,0,255,0,255,0,255,0,255,0,255,0
2,14,69,278940.125825,55428,255,0,255,0,255,255,0,255,255,0,255,0,255,255,0,255
2,14,70,278940.1464314,55450,255,255,0,255,0,255,0,255,255,255,0,255,0,255,0,255
2,14,71,278940.1672252,55471,0,255,0,255,0,0,255,0,0,255,0,255,0,0,255,0
2,14,72,278940.1881457,55492,0,255,255,0,255,0,255,255,0,255,255,0,255,0,255,255
2,14,73,278940.2090335,55514,0,0,255,0,255,255,0,255,0,0,255,0,255,255,0,255
2,14,74,278940.2298343,55535,255,0,255,255,0,255,255,0,255,0,255,255,0,255,255,0
2,14,75,278940.2506197,55556,255,0,0,255,0,0,255,0,255,0,0,255,0,0,255,0
2,14,76,278940.2714787,55578,255,255,0,0,255,0,0,255,255,255,0,0,255,0,0,255
2,14,77,278940.2923421,55599,0,255,255,0,255,255,0,0,0,255,255,0,255,255,0,0
2,14,78,278940.3130508,55620,0,0,255,255,0,255,255,0,0,0,255,255,0,255,255,0
2,14,79,278940.3340596,55642,0,0,255,255,0,0,255,255,0,0,255,255,0,0,255,255
2,14,80,278940.3547475,55663,255,0,0,255,255,255,0,0,255,0,0,255,255,255,0,0
2,14,81,278940.3758445,55685,255,255,0,0,255,255,255,0,255,255,0,0,255,255,255,0
2,14,82,278940.3964934,55706,255,255,255,0,0,0,255,255,255,255,255,0,0,0,255,255
2,14,83,278940.4172628,55727,0,255,255,255,0,0,0,255,0,255,255,255,0,0,0,255
2,14,84,278940.4380718,55748,0,0,0,255,255,255,0,0,0,0,0,255,255,255,0,0
2,14,85,278940.4587253,55769,0,0,0,0,255,255,255,255,0,0,0,0,255,255,255,255
2,14,86,278940.4796909,55791,255,255,0,0,0,0,0,255,255,255,0,0,0,0,0,255
2,14,87,278940.5005434,55812,255,255,255,255,0,0,0,0,255,255,255,255,0,0,0,0
2,14,88,278940.5215,55834,255,255,255,255,255,255,255,255,255,255,255,255,255,255,255,255
2,14,89,278940.5419497,55855,0,0,0,0,255,255,255,255,0,0,0,0,255,255,255,255
2,14,90,278940.5629222,55876,0,0,0,0,0,0,0,0,0,0,0,0,0,0,0,0
2,14,91,278940.5838979,55898,0,0,0,0,0,0,0,0,0,0,0,0,0,0,0,0
2,14,92,278940.6046028,55919,255,255,255,255,255,255,255,255,255,255,255,255,255,255,255,255
2,14,93,278940.6254629,55940,255,255,255,255,255,0,0,0,255,255,255,255,255,0,0,0
2,14,94,278940.6464937,55962,255,0,0,0,0,0,0,0,255,0,0,0,0,0,0,0
2,14,95,278940.6671188,55983,0,0,0,0,0,255,255,255,0,0,0,0,0,255,255,255
2,14,96,278940.6879877,56004,0,0,255,255,255,255,255,0,0,0,255,255,255,255,255,0
2,14,97,278940.7089871,56026,0,255,255,255,255,0,0,0,0,255,255,255,255,0,0,0
2,14,98,278940.7297211,56047,255,255,255,0,0,0,255,255,255,255,255,0,0,0,255,255
2,14,99,278940.7503329,56068,255,255,0,0,0,255,255,255,255,255,0,0,0,255,255,255
2,14,100,278940.7712619,56089,255,0,0,255,255,255,0,0,255,0,0,255,255,255,0,0
2,14,101,278940.7920266,56111,0,0,255,255,255,0,0,255,0,0,255,255,255,0,0,255
2,14,102,278940.8130504,56132,0,255,255,0,0,0,255,255,0,255,255,0,0,0,255,255
2,14,103,278940.833958,56154,0,255,255,0,0,255,255,0,0,255,255,0,0,255,255,0
2,14,104,278940.8545692,56175,255,255,0,0,255,0,0,255,255,255,0,0,255,0,0,255
2,14,105,278940.8754759,56196,255,0,0,255,255,0,255,255,255,0,0,255,255,0,255,255
2,14,106,278940.8961557,56217,255,0,255,255,0,255,255,0,255,0,255,255,0,255,255,0
2,14,107,278940.9170828,56239,0,0,255,0,0,255,0,0,0,0,255,0,0,255,0,0
2,14,108,278940.9378451,56260,0,255,0,0,255,0,0,255,0,255,0,0,255,0,0,255
2,14,109,278940.9586124,56281,0,255,0,255,255,0,255,0,0,255,0,255,255,0,255,0
2,14,110,278940.9795231,56303,255,0,0,255,0,255,0,0,255,0,0,255,0,255,0,0
2,14,111,278941.0002104,56324,255,0,255,0,0,255,0,255,255,0,255,0,0,255,0,255
2,14,112,278941.0212389,56345,255,0,255,0,255,0,255,0,255,0,255,0,255,0,255,0
2,14,113,278941.0420553,56367,0,255,0,255,255,0,255,0,0,255,0,255,255,0,255,0
2,14,114,278941.0628192,56388,0,255,0,255,0,255,0,255,0,255,0,255,0,255,0,255
2,14,115,278941.0836475,56409,0,255,0,255,0,255,0,255,0,255,0,255,0,255,0,255
2,14,116,278941.1045651,56431,255,0,255,0,255,0,255,0,255,0,255,0,255,0,255,0
2,14,117,278941.1253728,56452,255,0,255,0,255,255,0,255,255,0,255,0,255,255,0,255
2,14,118,278941.1460168,56473,255,255,0,255,0,255,0,255,255,255,0,255,0,255,0,255
2,14,119,278941.1669485,56495,0,255,0,255,0,0,255,0,0,255,0,255,0,0,255,0
2,14,120,278941.1877055,56516,0,255,255,0,255,0,255,255,0,255,255,0,255,0,255,255
2,14,121,278941.2086176,56537,0,0,255,0,255,255,0,255,0,0,255,0,255,255,0,255
2,14,122,278941.2294128,56559,255,0,255,255,0,255,255,0,255,0,255,255,0,255,255,0
2,14,123,278941.2508638,56581,255,0,0,255,0,0,255,0,255,0,0,255,0,0,255,0
2,14,124,278941.2711744,56601,255,255,0,0,255,0,0,255,255,255,0,0,255,0,0,255
2,14,125,278941.2919495,56623,0,255,255,0,255,255,0,0,0,255,255,0,255,255,0,0
2,14,126,278941.3127394,56644,0,0,255,255,0,255,255,0,0,0,255,255,0,255,255,0
2,14,127,278941.3335602,56665,0,0,255,255,0,0,255,255,0,0,255,255,0,0,255,255
2,14,128,278941.354493,56687,255,0,0,255,255,255,0,0,255,0,0,255,255,255,0,0
2,14,129,278941.375219,56708,255,255,0,0,255,255,255,0,255,255,0,0,255,255,255,0
2,14,130,278941.3961039,56729,255,255,255,0,0,0,255,255,255,255,255,0,0,0,255,255
2,14,131,278941.4169484,56751,0,255,255,255,0,0,0,255,0,255,255,255,0,0,0,255
2,14,132,278941.4377676,56772,0,0,0,255,255,255,0,0,0,0,0,255,255,255,0,0
2,14,133,278941.4585297,56793,0,0,0,0,255,255,255,255,0,0,0,0,255,255,255,255
2,14,134,278941.4793566,56815,255,255,0,0,0,0,0,255,255,255,0,0,0,0,0,255
2,14,135,278941.5002619,56836,255,255,255,255,0,0,0,0,255,255,255,255,0,0,0,0
2,14,136,278941.5209605,56857,255,255,255,255,255,255,255,255,255,255,255,255,255,255,255,255
2,14,137,278941.5418282,56878,0,0,0,0,255,255,255,255,0,0,0,0,255,255,255,255
2,14,138,278941.5627363,56900,0,0,0,0,0,0,0,0,0,0,0,0,0,0,0,0
2,14,139,278941.5833459,56921,0,0,0,0,0,0,0,0,0,0,0,0,0,0,0,0
2,14,140,278941.6043277,56942,255,255,255,255,255,255,255,255,255,255,255,255,255,255,255,255
2,14,141,278941.6251676,56964,255,255,255,255,255,0,0,0,255,255,255,255,255,0,0,0
2,14,142,278941.6459523,56985,255,0,0,0,0,0,0,0,255,0,0,0,0,0,0,0
2,14,143,278941.6667477,57006,0,0,0,0,0,255,255,255,0,0,0,0,0,255,255,255
2,14,144,278941.6877224,57028,0,0,255,255,255,255,255,0,0,0,255,255,255,255,255,0
2,15,1,278942.7022172,58067,128,255,255,255,255,0,0,0,128,255,255,255,255,0,0,0
2,15,2,278942.7077279,58072,255,255,255,0,0,0,255,255,255,255,255,0,0,0,255,255
2,15,3,278942.7285043,58094,255,255,0,0,0,255,255,255,255,255,0,0,0,255,255,255
2,15,4,278942.749455,58115,255,0,0,255,255,255,0,0,255,0,0,255,255,255,0,0
2,15,5,278942.7703988,58137,0,0,255,255,255,0,0,255,0,0,255,255,255,0,0,255
2,15,6,278942.7915767,58158,0,255,255,0,0,0,255,255,0,255,255,0,0,0,255,255
2,15,7,278942.8121749,58179,0,255,255,0,0,255,255,0,0,255,255,0,0,255,255,0
2,15,8,278942.8330841,58201,255,255,0,0,255,0,0,255,255,255,0,0,255,0,0,255
2,15,9,278942.8538536,58222,255,0,0,255,255,0,255,255,255,0,0,255,255,0,255,255
2,15,10,278942.8746584,58243,255,0,255,255,0,255,255,0,255,0,255,255,0,255,255,0
2,15,11,278942.8954968,58265,0,0,255,0,0,255,0,0,0,0,255,0,0,255,0,0
2,15,12,278942.9165633,58286,0,255,0,0,255,0,0,255,0,255,0,0,255,0,0,255
2,15,13,278942.9372134,58307,0,255,0,255,255,0,255,0,0,255,0,255,255,0,255,0
2,15,14,278942.9581965,58329,255,0,0,255,0,255,0,0,255,0,0,255,0,255,0,0
2,15,15,278942.9789274,58350,255,0,255,0,0,255,0,255,255,0,255,0,0,255,0,255
2,15,16,278942.9996233,58371,255,0,255,0,255,0,255,0,255,0,255,0,255,0,255,0
2,15,17,278943.0207228,58393,0,255,0,255,255,0,255,0,0,255,0,255,255,0,255,0
2,15,18,278943.041247,58414,0,255,0,255,0,255,0,255,0,255,0,255,0,255,0,255
2,15,19,278943.0621558,58435,0,255,0,255,0,255,0,255,0,255,0,255,0,255,0,255
2,15,20,278943.0829442,58457,255,0,255,0,255,0,255,0,255,0,255,0,255,0,255,0
2,15,21,278943.1037019,58478,255,0,255,0,255,255,0,255,255,0,255,0,255,255,0,255
2,15,22,278943.1246117,58499,255,255,0,255,0,255,0,255,255,255,0,255,0,255,0,255
2,15,23,278943.1454852,58521,0,255,0,255,0,0,255,0,0,255,0,255,0,0,255,0
2,15,24,278943.1662791,58542,0,255,255,0,255,0,255,255,0,255,255,0,255,0,255,255
2,15,25,278943.1870881,58563,0,0,255,0,255,255,0,255,0,0,255,0,255,255,0,255
2,15,26,278943.2079249,58585,255,0,255,255,0,255,255,0,255,0,255,255,0,255,255,0
2,15,27,278943.2288551,58606,255,0,0,255,0,0,255,0,255,0,0,255,0,0,255,0
2,15,28,278943.2497032,58627,255,255,0,0,255,0,0,255,255,255,0,0,255,0,0,255
2,15,29,278943.270601,58649,0,255,255,0,255,255,0,0,0,255,255,0,255,255,0,0
2,15,30,278943.2911861,58670,0,0,255,255,0,255,255,0,0,0,255,255,0,255,255,0
2,15,31,278943.3119601,58691,0,0,255,255,0,0,255,255,0,0,255,255,0,0,255,255
2,15,32,278943.3328837,58713,255,0,0,255,255,255,0,0,255,0,0,255,255,255,0,0
2,15,33,278943.3537334,58734,255,255,0,0,255,255,255,0,255,255,0,0,255,255,255,0
2,15,34,278943.3747569,58755,255,255,255,0,0,0,255,255,255,255,255,0,0,0,255,255
2,15,35,278943.3952936,58776,0,255,255,255,0,0,0,255,0,255,255,255,0,0,0,255
2,15,36,278943.4160906,58798,0,0,0,255,255,255,0,0,0,0,0,255,255,255,0,0
2,15,37,278943.4370779,58819,0,0,0,0,255,255,255,255,0,0,0,0,255,255,255,255
2,15,38,278943.4578639,58840,255,255,0,0,0,0,0,255,255,255,0,0,0,0,0,255
2,15,39,278943.4786813,58862,255,255,255,255,0,0,0,0,255,255,255,255,0,0,0,0
2,15,40,278943.4995805,58883,255,255,255,255,255,255,255,255,255,255,255,255,255,255,255,255
2,15,41,278943.5203858,58905,0,0,0,0,255,255,255,255,0,0,0,0,255,255,255,255
2,15,42,278943.5411815,58926,0,0,0,0,0,0,0,0,0,0,0,0,0,0,0,0
2,15,43,278943.5620606,58947,0,0,0,0,0,0,0,0,0,0,0,0,0,0,0,0
2,15,44,278943.5828253,58968,255,255,255,255,255,255,255,255,255,255,255,255,255,255,255,255
2,15,45,278943.6037043,58990,255,255,255,255,255,0,0,0,255,255,255,255,255,0,0,0
2,15,46,278943.6245095,59011,255,0,0,0,0,0,0,0,255,0,0,0,0,0,0,0
2,15,47,278943.6453182,59032,0,0,0,0,0,255,255,255,0,0,0,0,0,255,255,255
2,15,48,278943.6661699,59054,0,0,255,255,255,255,255,0,0,0,255,255,255,255,255,0
2,15,49,278943.6870044,59075,0,255,255,255,255,0,0,0,0,255,255,255,255,0,0,0
2,15,50,278943.7078186,59096,255,255,255,0,0,0,255,255,255,255,255,0,0,0,255,255
2,15,51,278943.728664,59118,255,255,0,0,0,255,255,255,255,255,0,0,0,255,255,255
2,15,52,278943.7494813,59139,255,0,0,255,255,255,0,0,255,0,0,255,255,255,0,0
2,15,53,278943.7703096,59160,0,0,255,255,255,0,0,255,0,0,255,255,255,0,0,255
2,15,54,278943.7911786,59182,0,255,255,0,0,0,255,255,0,255,255,0,0,0,255,255
2,15,55,278943.8118667,59203,0,255,255,0,0,255,255,0,0,255,255,0,0,255,255,0
2,15,56,278943.83277,59224,255,255,0,0,255,0,0,255,255,255,0,0,255,0,0,255
2,15,57,278943.853579,59246,255,0,0,255,255,0,255,255,255,0,0,255,255,0,255,255
2,15,58,278943.8743489,59267,255,0,255,255,0,255,255,0,255,0,255,255,0,255,255,0
2,15,59,278943.8951621,59288,0,0,255,0,0,255,0,0,0,0,255,0,0,255,0,0
2,15,60,278943.9162389,59310,0,255,0,0,255,0,0,255,0,255,0,0,255,0,0,255
2,15,61,278943.9368269,59331,0,255,0,255,255,0,255,0,0,255,0,255,255,0,255,0
2,15,62,278943.9576678,59352,255,0,0,255,0,255,0,0,255,0,0,255,0,255,0,0
2,15,63,278943.9787519,59374,255,0,255,0,0,255,0,255,255,0,255,0,0,255,0,255
2,15,64,278943.9992979,59395,255,0,255,0,255,0,255,0,255,0,255,0,255,0,255,0
2,15,65,278944.0201804,59416,0,255,0,255,255,0,255,0,0,255,0,255,255,0,255,0
2,15,66,278944.0411124,59438,0,255,0,255,0,255,0,255,0,255,0,255,0,255,0,255
2,15,67,278944.0620403,59459,0,255,0,255,0,255,0,255,0,255,0,255,0,255,0,255
2,15,68,278944.0825797,59480,255,0,255,0,255,0,255,0,255,0,255,0,255,0,255,0
2,15,69,278944.1034863,59502,255,0,255,0,255,255,0,255,255,0,255,0,255,255,0,255
2,15,70,278944.1244748,59523,255,255,0,255,0,255,0,255,255,255,0,255,0,255,0,255
2,15,71,278944.1450166,59544,0,255,0,255,0,0,255,0,0,255,0,255,0,0,255,0
2,15,72,278944.1661468,59566,0,255,255,0,255,0,255,255,0,255,255,0,255,0,255,255
2,15,73,278944.1867285,59587,0,0,255,0,255,255,0,255,0,0,255,0,255,255,0,255
2,15,74,278944.2076504,59608,255,0,255,255,0,255,255,0,255,0,255,255,0,255,255,0
2,15,75,278944.228473,59630,255,0,0,255,0,0,255,0,255,0,0,255,0,0,255,0
2,15,76,278944.2492886,59651,255,255,0,0,255,0,0,255,255,255,0,0,255,0,0,255
2,15,77,278944.2700566,59672,0,255,255,0,255,255,0,0,0,255,255,0,255,255,0,0
2,15,78,278944.2909336,59694,0,0,255,255,0,255,255,0,0,0,255,255,0,255,255,0
2,15,79,278944.3116646,59715,0,0,255,255,0,0,255,255,0,0,255,255,0,0,255,255
2,15,80,278944.3324131,59736,255,0,0,255,255,255,0,0,255,0,0,255,255,255,0,0
2,15,81,278944.3533951,59758,255,255,0,0,255,255,255,0,255,255,0,0,255,255,255,0
2,15,82,278944.3742738,59779,255,255,255,0,0,0,255,255,255,255,255,0,0,0,255,255
2,15,83,278944.3949794,59800,0,255,255,255,0,0,0,255,0,255,255,255,0,0,0,255
2,15,84,278944.4160865,59822,0,0,0,255,255,255,0,0,0,0,0,255,255,255,0,0
2,15,85,278944.4367372,59843,0,0,0,0,255,255,255,255,0,0,0,0,255,255,255,255
2,15,86,278944.4575996,59864,255,255,0,0,0,0,0,255,255,255,0,0,0,0,0,255
2,15,87,278944.4784028,59886,255,255,255,255,0,0,0,0,255,255,255,255,0,0,0,0
2,15,88,278944.4991244,59907,255,255,255,255,255,255,255,255,255,255,255,255,255,255,255,255
2,15,89,278944.5200845,59928,0,0,0,0,255,255,255,255,0,0,0,0,255,255,255,255
2,15,90,278944.5407675,59949,0,0,0,0,0,0,0,0,0,0,0,0,0,0,0,0
2,15,91,278944.5616766,59971,0,0,0,0,0,0,0,0,0,0,0,0,0,0,0,0
2,15,92,278944.5824879,59992,255,255,255,255,255,255,255,255,255,255,255,255,255,255,255,255
2,15,93,278944.6034409,60014,255,255,255,255,255,0,0,0,255,255,255,255,255,0,0,0
2,15,94,278944.6241632,60035,255,0,0,0,0,0,0,0,255,0,0,0,0,0,0,0
2,15,95,278944.6451488,60056,0,0,0,0,0,255,255,255,0,0,0,0,0,255,255,255
2,15,96,278944.6657568,60077,0,0,255,255,255,255,255,0,0,0,255,255,255,255,255,0
2,15,97,278944.686629,60099,0,255,255,255,255,0,0,0,0,255,255,255,255,0,0,0
2,15,98,278944.7072217,60120,255,255,255,0,0,0,255,255,255,255,255,0,0,0,255,255
2,15,99,278944.7281401,60141,255,255,0,0,0,255,255,255,255,255,0,0,0,255,255,255
2,15,100,278944.7490532,60163,255,0,0,255,255,255,0,0,255,0,0,255,255,255,0,0
2,15,101,278944.7700426,60184,0,0,255,255,255,0,0,255,0,0,255,255,255,0,0,255
2,15,102,278944.7907806,60205,0,255,255,0,0,0,255,255,0,255,255,0,0,0,255,255
2,15,103,278944.8115594,60227,0,255,255,0,0,255,255,0,0,255,255,0,0,255,255,0
2,15,104,278944.8323475,60248,255,255,0,0,255,0,0,255,255,255,0,0,255,0,0,255
2,15,105,278944.85341,60270,255,0,0,255,255,0,255,255,255,0,0,255,255,0,255,255
2,15,106,278944.8740593,60291,255,0,255,255,0,255,255,0,255,0,255,255,0,255,255,0
2,15,107,278944.8949169,60312,0,0,255,0,0,255,0,0,0,0,255,0,0,255,0,0
2,15,108,278944.915649,60333,0,255,0,0,255,0,0,255,0,255,0,0,255,0,0,255
2,15,109,278944.936513,60355,0,255,0,255,255,0,255,0,0,255,0,255,255,0,255,0
2,15,110,278944.9573169,60376,255,0,0,255,0,255,0,0,255,0,0,255,0,255,0,0
2,15,111,278944.9781884,60397,255,0,255,0,0,255,0,255,255,0,255,0,0,255,0,255
2,15,112,278944.9990129,60419,255,0,255,0,255,0,255,0,255,0,255,0,255,0,255,0
2,15,113,278945.0199821,60440,0,255,0,255,255,0,255,0,0,255,0,255,255,0,255,0
2,15,114,278945.0406276,60461,0,255,0,255,0,255,0,255,0,255,0,255,0,255,0,255
2,15,115,278945.0614992,60483,0,255,0,255,0,255,0,255,0,255,0,255,0,255,0,255
2,15,116,278945.0824176,60504,255,0,255,0,255,0,255,0,255,0,255,0,255,0,255,0
2,15,117,278945.1031043,60525,255,0,255,0,255,255,0,255,255,0,255,0,255,255,0,255
2,15,118,278945.1241314,60547,255,255,0,255,0,255,0,255,255,255,0,255,0,255,0,255
2,15,119,278945.1446499,60568,0,255,0,255,0,0,255,0,0,255,0,255,0,0,255,0
2,15,120,278945.1656592,60589,0,255,255,0,255,0,255,255,0,255,255,0,255,0,255,255
2,15,121,278945.1865099,60611,0,0,255,0,255,255,0,255,0,0,255,0,255,255,0,255
2,15,122,278945.2072288,60632,255,0,255,255,0,255,255,0,255,0,255,255,0,255,255,0
2,15,123,278945.2281754,60653,255,0,0,255,0,0,255,0,255,0,0,255,0,0,255,0
2,15,124,278945.249093,60675,255,255,0,0,255,0,0,255,255,255,0,0,255,0,0,255
2,15,125,278945.2699117,60696,0,255,255,0,255,255,0,0,0,255,255,0,255,255,0,0
2,15,126,278945.2905232,60717,0,0,255,255,0,255,255,0,0,0,255,255,0,255,255,0
2,15,127,278945.3113609,60738,0,0,255,255,0,0,255,255,0,0,255,255,0,0,255,255
2,15,128,278945.3324017,60760,255,0,0,255,255,255,0,0,255,0,0,255,255,255,0,0
2,15,129,278945.3530429,60781,255,255,0,0,255,255,255,0,255,255,0,0,255,255,255,0
2,15,130,278945.3738449,60802,255,255,255,0,0,0,255,255,255,255,255,0,0,0,255,255
2,15,131,278945.3946537,60824,0,255,255,255,0,0,0,255,0,255,255,255,0,0,0,255
2,15,132,278945.4157351,60845,0,0,0,255,255,255,0,0,0,0,0,255,255,255,0,0
2,15,133,278945.4363155,60866,0,0,0,0,255,255,255,255,0,0,0,0,255,255,255,255
2,15,134,278945.4573441,60888,255,255,0,0,0,0,0,255,255,255,0,0,0,0,0,255
2,15,135,278945.4779509,60909,255,255,255,255,0,0,0,0,255,255,255,255,0,0,0,0
2,15,136,278945.4988467,60930,255,255,255,255,255,255,255,255,255,255,255,255,255,255,255,255
2,15,137,278945.5197052,60952,0,0,0,0,255,255,255,255,0,0,0,0,255,255,255,255
2,15,138,278945.5404942,60973,0,0,0,0,0,0,0,0,0,0,0,0,0,0,0,0
2,15,139,278945.5613445,60994,0,0,0,0,0,0,0,0,0,0,0,0,0,0,0,0
2,15,140,278945.5821316,61016,255,255,255,255,255,255,255,255,255,255,255,255,255,255,255,255
2,15,141,278945.6029602,61037,255,255,255,255,255,0,0,0,255,255,255,255,255,0,0,0
2,15,142,278945.6237568,61058,255,0,0,0,0,0,0,0,255,0,0,0,0,0,0,0
2,15,143,278945.6448265,61080,0,0,0,0,0,255,255,255,0,0,0,0,0,255,255,255
2,15,144,278945.6656123,61101,0,0,255,255,255,255,255,0,0,0,255,255,255,255,255,0
2,16,1,278946.6815777,62142,128,255,255,255,255,0,0,0,128,255,255,255,255,0,0,0
2,16,2,278946.685504,62146,255,255,255,0,0,0,255,255,255,255,255,0,0,0,255,255
2,16,3,278946.7062922,62167,255,255,0,0,0,255,255,255,255,255,0,0,0,255,255,255
2,16,4,278946.7271633,62188,255,0,0,255,255,255,0,0,255,0,0,255,255,255,0,0
2,16,5,278946.7481771,62210,0,0,255,255,255,0,0,255,0,0,255,255,255,0,0,255
2,16,6,278946.7692231,62231,0,255,255,0,0,0,255,255,0,255,255,0,0,0,255,255
2,16,7,278946.7899667,62253,0,255,255,0,0,255,255,0,0,255,255,0,0,255,255,0
2,16,8,278946.8109376,62274,255,255,0,0,255,0,0,255,255,255,0,0,255,0,0,255
2,16,9,278946.8319131,62296,255,0,0,255,255,0,255,255,255,0,0,255,255,0,255,255
2,16,10,278946.8524981,62317,255,0,255,255,0,255,255,0,255,0,255,255,0,255,255,0
2,16,11,278946.8732484,62338,0,0,255,0,0,255,0,0,0,0,255,0,0,255,0,0
2,16,12,278946.8939945,62359,0,255,0,0,255,0,0,255,0,255,0,0,255,0,0,255
2,16,13,278946.9148346,62380,0,255,0,255,255,0,255,0,0,255,0,255,255,0,255,0
2,16,14,278946.9356784,62402,255,0,0,255,0,255,0,0,255,0,0,255,0,255,0,0
2,16,15,278946.9566895,62423,255,0,255,0,0,255,0,255,255,0,255,0,0,255,0,255
2,16,16,278946.9775373,62445,255,0,255,0,255,0,255,0,255,0,255,0,255,0,255,0
2,16,17,278946.9983425,62466,0,255,0,255,255,0,255,0,0,255,0,255,255,0,255,0
2,16,18,278947.0193633,62487,0,255,0,255,0,255,0,255,0,255,0,255,0,255,0,255
2,16,19,278947.0399812,62509,0,255,0,255,0,255,0,255,0,255,0,255,0,255,0,255
2,16,20,278947.0609136,62530,255,0,255,0,255,0,255,0,255,0,255,0,255,0,255,0
2,16,21,278947.0816506,62551,255,0,255,0,255,255,0,255,255,0,255,0,255,255,0,255
2,16,22,278947.1026412,62573,255,255,0,255,0,255,0,255,255,255,0,255,0,255,0,255
2,16,23,278947.1233972,62594,0,255,0,255,0,0,255,0,0,255,0,255,0,0,255,0
2,16,24,278947.1441856,62615,0,255,255,0,255,0,255,255,0,255,255,0,255,0,255,255
2,16,25,278947.1649945,62637,0,0,255,0,255,255,0,255,0,0,255,0,255,255,0,255
2,16,26,278947.1860983,62658,255,0,255,255,0,255,255,0,255,0,255,255,0,255,255,0
2,16,27,278947.206864,62679,255,0,0,255,0,0,255,0,255,0,0,255,0,0,255,0
2,16,28,278947.2279271,62701,255,255,0,0,255,0,0,255,255,255,0,0,255,0,0,255
2,16,29,278947.2483293,62722,0,255,255,0,255,255,0,0,0,255,255,0,255,255,0,0
2,16,30,278947.2691165,62743,0,0,255,255,0,255,255,0,0,0,255,255,0,255,255,0
2,16,31,278947.289806,62764,0,0,255,255,0,0,255,255,0,0,255,255,0,0,255,255
2,16,32,278947.3109492,62786,255,0,0,255,255,255,0,0,255,0,0,255,255,255,0,0
2,16,33,278947.3315573,62807,255,255,0,0,255,255,255,0,255,255,0,0,255,255,255,0
2,16,34,278947.3524894,62829,255,255,255,0,0,0,255,255,255,255,255,0,0,0,255,255
2,16,35,278947.3732718,62850,0,255,255,255,0,0,0,255,0,255,255,255,0,0,0,255
2,16,36,278947.3940857,62871,0,0,0,255,255,255,0,0,0,0,0,255,255,255,0,0
2,16,37,278947.4144363,62892,0,0,0,0,255,255,255,255,0,0,0,0,255,255,255,255
2,16,38,278947.4356789,62914,255,255,0,0,0,0,0,255,255,255,0,0,0,0,0,255
2,16,39,278947.4565074,62935,255,255,255,255,0,0,0,0,255,255,255,255,0,0,0,0
2,16,40,278947.4772521,62956,255,255,255,255,255,255,255,255,255,255,255,255,255,255,255,255
2,16,41,278947.4983637,62978,0,0,0,0,255,255,255,255,0,0,0,0,255,255,255,255
2,16,42,278947.5189705,62999,0,0,0,0,0,0,0,0,0,0,0,0,0,0,0,0
2,16,43,278947.5399454,63021,0,0,0,0,0,0,0,0,0,0,0,0,0,0,0,0
2,16,44,278947.5607391,63042,255,255,255,255,255,255,255,255,255,255,255,255,255,255,255,255
2,16,45,278947.581481,63063,255,255,255,255,255,0,0,0,255,255,255,255,255,0,0,0
2,16,46,278947.6022957,63084,255,0,0,0,0,0,0,0,255,0,0,0,0,0,0,0
2,16,47,278947.6231277,63106,0,0,0,0,0,255,255,255,0,0,0,0,0,255,255,255
2,16,48,278947.6440659,63127,0,0,255,255,255,255,255,0,0,0,255,255,255,255,255,0
2,16,49,278947.6648041,63148,0,255,255,255,255,0,0,0,0,255,255,255,255,0,0,0
2,16,50,278947.685499,63170,255,255,255,0,0,0,255,255,255,255,255,0,0,0,255,255
2,16,51,278947.7064363,63191,255,255,0,0,0,255,255,255,255,255,0,0,0,255,255,255
2,16,52,278947.7272857,63212,255,0,0,255,255,255,0,0,255,0,0,255,255,255,0,0
2,16,53,278947.7483401,63234,0,0,255,255,255,0,0,255,0,0,255,255,255,0,0,255
2,16,54,278947.7689824,63255,0,255,255,0,0,0,255,255,0,255,255,0,0,0,255,255
2,16,55,278947.7897556,63276,0,255,255,0,0,255,255,0,0,255,255,0,0,255,255,0
2,16,56,278947.8106486,63298,255,255,0,0,255,0,0,255,255,255,0,0,255,0,0,255
2,16,57,278947.8313553,63319,255,0,0,255,255,0,255,255,255,0,0,255,255,0,255,255
2,16,58,278947.8523095,63340,255,0,255,255,0,255,255,0,255,0,255,255,0,255,255,0
2,16,59,278947.8740085,63363,0,0,255,0,0,255,0,0,0,0,255,0,0,255,0,0
2,16,60,278947.894115,63383,0,255,0,0,255,0,0,255,0,255,0,0,255,0,0,255
2,16,61,278947.9149639,63405,0,255,0,255,255,0,255,0,0,255,0,255,255,0,255,0
2,16,62,278947.9353641,63425,255,0,0,255,0,255,0,0,255,0,0,255,0,255,0,0
2,16,63,278947.9562847,63447,255,0,255,0,0,255,0,255,255,0,255,0,0,255,0,255
2,16,64,278947.9768863,63468,255,0,255,0,255,0,255,0,255,0,255,0,255,0,255,0
2,16,65,278947.9974882,63489,0,255,0,255,255,0,255,0,0,255,0,255,255,0,255,0
2,16,66,278948.0184785,63511,0,255,0,255,0,255,0,255,0,255,0,255,0,255,0,255
2,16,67,278948.0396779,63532,0,255,0,255,0,255,0,255,0,255,0,255,0,255,0,255
2,16,68,278948.0604335,63554,255,0,255,0,255,0,255,0,255,0,255,0,255,0,255,0
2,16,69,278948.0812374,63575,255,0,255,0,255,255,0,255,255,0,255,0,255,255,0,255
2,16,70,278948.1021773,63596,255,255,0,255,0,255,0,255,255,255,0,255,0,255,0,255
2,16,71,278948.123017,63618,0,255,0,255,0,0,255,0,0,255,0,255,0,0,255,0
2,16,72,278948.1437526,63639,0,255,255,0,255,0,255,255,0,255,255,0,255,0,255,255
2,16,73,278948.1647148,63660,0,0,255,0,255,255,0,255,0,0,255,0,255,255,0,255
2,16,74,278948.1855124,63682,255,0,255,255,0,255,255,0,255,0,255,255,0,255,255,0
2,16,75,278948.2062406,63703,255,0,0,255,0,0,255,0,255,0,0,255,0,0,255,0
2,16,76,278948.2275903,63725,255,255,0,0,255,0,0,255,255,255,0,0,255,0,0,255
2,16,77,278948.2480521,63746,0,255,255,0,255,255,0,0,0,255,255,0,255,255,0,0
2,16,78,278948.2689461,63767,0,0,255,255,0,255,255,0,0,0,255,255,0,255,255,0
2,16,79,278948.2896773,63788,0,0,255,255,0,0,255,255,0,0,255,255,0,0,255,255
2,16,80,278948.3104552,63810,255,0,0,255,255,255,0,0,255,0,0,255,255,255,0,0
2,16,81,278948.3314835,63831,255,255,0,0,255,255,255,0,255,255,0,0,255,255,255,0
2,16,82,278948.3521579,63852,255,255,255,0,0,0,255,255,255,255,255,0,0,0,255,255
2,16,83,278948.3728992,63873,0,255,255,255,0,0,0,255,0,255,255,255,0,0,0,255
2,16,84,278948.3935202,63895,0,0,0,255,255,255,0,0,0,0,0,255,255,255,0,0
2,16,85,278948.4145168,63916,0,0,0,0,255,255,255,255,0,0,0,0,255,255,255,255
2,16,86,278948.435392,63937,255,255,0,0,0,0,0,255,255,255,0,0,0,0,0,255
2,16,87,278948.4562137,63959,255,255,255,255,0,0,0,0,255,255,255,255,0,0,0,0
2,16,88,278948.4769327,63980,255,255,255,255,255,255,255,255,255,255,255,255,255,255,255,255
2,16,89,278948.4979185,64002,0,0,0,0,255,255,255,255,0,0,0,0,255,255,255,255
2,16,90,278948.5188483,64023,0,0,0,0,0,0,0,0,0,0,0,0,0,0,0,0
2,16,91,278948.5394748,64044,0,0,0,0,0,0,0,0,0,0,0,0,0,0,0,0
2,16,92,278948.5602428,64065,255,255,255,255,255,255,255,255,255,255,255,255,255,255,255,255
2,16,93,278948.5812336,64087,255,255,255,255,255,0,0,0,255,255,255,255,255,0,0,0
2,16,94,278948.6019144,64108,255,0,0,0,0,0,0,0,255,0,0,0,0,0,0,0
2,16,95,278948.6228137,64129,0,0,0,0,0,255,255,255,0,0,0,0,0,255,255,255
2,16,96,278948.6437152,64151,0,0,255,255,255,255,255,0,0,0,255,255,255,255,255,0
2,16,97,278948.6645313,64172,0,255,255,255,255,0,0,0,0,255,255,255,255,0,0,0
2,16,98,278948.6852014,64193,255,255,255,0,0,0,255,255,255,255,255,0,0,0,255,255
2,16,99,278948.7061121,64215,255,255,0,0,0,255,255,255,255,255,0,0,0,255,255,255
2,16,100,278948.7270128,64236,255,0,0,255,255,255,0,0,255,0,0,255,255,255,0,0
2,16,101,278948.7477141,64257,0,0,255,255,255,0,0,255,0,0,255,255,255,0,0,255
2,16,102,278948.7685381,64279,0,255,255,0,0,0,255,255,0,255,255,0,0,0,255,255
2,16,103,278948.7894065,64300,0,255,255,0,0,255,255,0,0,255,255,0,0,255,255,0
2,16,104,278948.8102594,64321,255,255,0,0,255,0,0,255,255,255,0,0,255,0,0,255
2,16,105,278948.8311401,64343,255,0,0,255,255,0,255,255,255,0,0,255,255,0,255,255
2,16,106,278948.8518559,64364,255,0,255,255,0,255,255,0,255,0,255,255,0,255,255,0
2,16,107,278948.8727325,64385,0,0,255,0,0,255,0,0,0,0,255,0,0,255,0,0
2,16,108,278948.8936261,64407,0,255,0,0,255,0,0,255,0,255,0,0,255,0,0,255
2,16,109,278948.9143554,64428,0,255,0,255,255,0,255,0,0,255,0,255,255,0,255,0
2,16,110,278948.9353274,64449,255,0,0,255,0,255,0,0,255,0,0,255,0,255,0,0
2,16,111,278948.9559591,64471,255,0,255,0,0,255,0,255,255,0,255,0,0,255,0,255
2,16,112,278948.9769927,64492,255,0,255,0,255,0,255,0,255,0,255,0,255,0,255,0
2,16,113,278948.9976953,64513,0,255,0,255,255,0,255,0,0,255,0,255,255,0,255,0
2,16,114,278949.0184395,64535,0,255,0,255,0,255,0,255,0,255,0,255,0,255,0,255
2,16,115,278949.0393359,64556,0,255,0,255,0,255,0,255,0,255,0,255,0,255,0,255
2,16,116,278949.0600885,64577,255,0,255,0,255,0,255,0,255,0,255,0,255,0,255,0
2,16,117,278949.0811707,64599,255,0,255,0,255,255,0,255,255,0,255,0,255,255,0,255
2,16,118,278949.1017119,64620,255,255,0,255,0,255,0,255,255,255,0,255,0,255,0,255
2,16,119,278949.1225266,64641,0,255,0,255,0,0,255,0,0,255,0,255,0,0,255,0
2,16,120,278949.1434726,64663,0,255,255,0,255,0,255,255,0,255,255,0,255,0,255,255
2,16,121,278949.1643453,64684,0,0,255,0,255,255,0,255,0,0,255,0,255,255,0,255
2,16,122,278949.1850512,64705,255,0,255,255,0,255,255,0,255,0,255,255,0,255,255,0
2,16,123,278949.2060167,64727,255,0,0,255,0,0,255,0,255,0,0,255,0,0,255,0
2,16,124,278949.2267241,64748,255,255,0,0,255,0,0,255,255,255,0,0,255,0,0,255
2,16,125,278949.2475258,64769,0,255,255,0,255,255,0,0,0,255,255,0,255,255,0,0
2,16,126,278949.268501,64791,0,0,255,255,0,255,255,0,0,0,255,255,0,255,255,0
2,16,127,278949.2892083,64812,0,0,255,255,0,0,255,255,0,0,255,255,0,0,255,255
2,16,128,278949.3101512,64833,255,0,0,255,255,255,0,0,255,0,0,255,255,255,0,0
2,16,129,278949.3309413,64855,255,255,0,0,255,255,255,0,255,255,0,0,255,255,255,0
2,16,130,278949.3516113,64876,255,255,255,0,0,0,255,255,255,255,255,0,0,0,255,255
2,16,131,278949.3726537,64897,0,255,255,255,0,0,0,255,0,255,255,255,0,0,0,255
2,16,132,278949.3935116,64919,0,0,0,255,255,255,0,0,0,0,0,255,255,255,0,0
2,16,133,278949.4143819,64940,0,0,0,0,255,255,255,255,0,0,0,0,255,255,255,255
2,16,134,278949.4349853,64961,255,255,0,0,0,0,0,255,255,255,0,0,0,0,0,255
2,16,135,278949.4557264,64982,255,255,255,255,0,0,0,0,255,255,255,255,0,0,0,0
2,16,136,278949.4767212,65004,255,255,255,255,255,255,255,255,255,255,255,255,255,255,255,255
2,16,137,278949.4975465,65025,0,0,0,0,255,255,255,255,0,0,0,0,255,255,255,255
2,16,138,278949.5182968,65046,0,0,0,0,0,0,0,0,0,0,0,0,0,0,0,0
2,16,139,278949.5392264,65068,0,0,0,0,0,0,0,0,0,0,0,0,0,0,0,0
2,16,140,278949.5600198,65089,255,255,255,255,255,255,255,255,255,255,255,255,255,255,255,255
2,16,141,278949.5808897,65110,255,255,255,255,255,0,0,0,255,255,255,255,255,0,0,0
2,16,142,278949.6015576,65132,255,0,0,0,0,0,0,0,255,0,0,0,0,0,0,0
2,16,143,278949.622491,65153,0,0,0,0,0,255,255,255,0,0,0,0,0,255,255,255
2,16,144,278949.6432928,65174,0,0,255,255,255,255,255,0,0,0,255,255,255,255,255,0
